,sensor0,,,,,,,,,,,,,,sensor1,,,,,,,,,,,,,,sensor2,,,,,,,,,,,,,,sensor3,,,,,,,,,,,,,,sensor4
時刻(ms),相対方位(w),相対方位(x),相対方位(y),相対方位(z),角速度(x),角速度(y),角速度(z),加速度-重力加速度(x),加速度-重力加速度(y),加速度-重力加速度(z),Sys,Gyro,Accel,Mag,相対方位(w),相対方位(x),相対方位(y),相対方位(z),角速度(x),角速度(y),角速度(z),加速度-重力加速度(x),加速度-重力加速度(y),加速度-重力加速度(z),Sys,Gyro,Accel,Mag,相対方位(w),相対方位(x),相対方位(y),相対方位(z),角速度(x),角速度(y),角速度(z),加速度-重力加速度(x),加速度-重力加速度(y),加速度-重力加速度(z),Sys,Gyro,Accel,Mag,相対方位(w),相対方位(x),相対方位(y),相対方位(z),角速度(x),角速度(y),角速度(z),加速度-重力加速度(x),加速度-重力加速度(y),加速度-重力加速度(z),Sys,Gyro,Accel,Mag,相対方位(w),相対方位(x),相対方位(y),相対方位(z),角速度(x),角速度(y),角速度(z),加速度-重力加速度(x),加速度-重力加速度(y),加速度-重力加速度(z),Sys,Gyro,Accel,Mag
351586.0,-0.0075,-0.0001,-0.0001,-0.0001,-0.12,0.12,-0.06,-0.02,0.09,-0.06,3.0,3.0,3.0,3.0,-0.004,-0.0001,-0.0001,-0.0001,0.12,-0.06,-0.06,0.0,-0.01,-0.07,3.0,3.0,3.0,3.0,-0.6099,0.021,0.007,0.7922,0.12,0.0,0.06,0.0,-0.01,-0.01,3.0,3.0,3.0,3.0,-0.0126,-0.0001,-0.0001,-0.0001,0.06,0.0,0.0,0.0,0.09,-0.02,3.0,3.0,3.0,3.0,-0.7648,0.0115,0.0281,0.6435,-0.25,-0.06,0.06,-0.08,-0.03,-0.21,3.0,3.0,3.0,3.0
351636.0,-0.0075,-0.0001,-0.0001,-0.0001,0.06,0.12,0.06,-0.04,0.1,-0.04,3.0,3.0,3.0,3.0,-0.004,-0.0001,-0.0001,-0.0001,0.06,-0.06,-0.06,-0.01,0.0,-0.06,3.0,3.0,3.0,3.0,-0.6099,0.021,0.007,0.7922,0.0,0.0,0.0,0.0,0.0,-0.01,3.0,3.0,3.0,3.0,-0.0126,-0.0001,-0.0001,-0.0001,0.0,0.06,0.12,0.02,0.08,-0.01,2.0,3.0,3.0,3.0,-0.7648,0.0115,0.0281,0.6435,0.0,-0.06,-0.06,-0.1,0.0,-0.01,3.0,3.0,3.0,3.0
351686.0,-0.0075,-0.0001,-0.0001,-0.0001,0.0,0.06,0.0,-0.03,0.11,-0.07,3.0,3.0,3.0,3.0,-0.004,-0.0001,-0.0001,-0.0001,-0.06,0.06,-0.06,-0.02,0.0,-0.06,3.0,3.0,3.0,3.0,-0.6099,0.021,0.007,0.7922,0.0,0.06,-0.06,0.0,0.0,-0.01,3.0,3.0,3.0,3.0,-0.0126,-0.0001,-0.0001,-0.0001,0.0,-0.06,-0.06,0.02,0.11,0.0,2.0,3.0,3.0,3.0,-0.7648,0.0115,0.0281,0.6435,-0.12,-0.06,0.0,-0.07,-0.03,-0.2,3.0,3.0,3.0,3.0
351736.0,-0.0075,-0.0001,-0.0001,-0.0001,-0.06,0.0,0.06,-0.04,0.09,-0.07,3.0,3.0,3.0,3.0,-0.004,-0.0001,-0.0001,-0.0001,-0.06,0.0,0.06,0.0,0.01,-0.06,3.0,3.0,3.0,3.0,-0.6099,0.021,0.007,0.7922,0.0,0.06,-0.06,0.0,0.0,-0.01,3.0,3.0,3.0,3.0,-0.0126,-0.0001,-0.0001,-0.0001,0.06,0.12,0.0,0.01,0.11,-0.01,2.0,3.0,3.0,3.0,-0.7648,0.0115,0.0281,0.6435,0.06,0.12,-0.12,-0.09,0.0,-0.01,3.0,3.0,3.0,3.0
351787.0,-0.0075,-0.0001,-0.0001,-0.0001,0.0,0.12,0.0,-0.03,0.1,-0.08,3.0,3.0,3.0,3.0,-0.004,-0.0001,-0.0001,-0.0001,0.06,-0.06,-0.06,-0.01,0.01,-0.04,3.0,3.0,3.0,3.0,-0.6099,0.021,0.007,0.7922,0.06,0.0,0.0,0.0,0.0,-0.01,3.0,3.0,3.0,3.0,-0.0126,-0.0001,-0.0001,-0.0001,0.06,0.0,-0.06,0.01,0.09,0.0,2.0,3.0,3.0,3.0,-0.7648,0.0115,0.0281,0.6435,-0.06,0.0,-0.06,-0.09,0.0,-0.01,3.0,3.0,3.0,3.0
351837.0,-0.0075,-0.0001,-0.0001,-0.0001,0.12,0.0,0.0,-0.04,0.1,-0.07,3.0,3.0,3.0,3.0,-0.004,-0.0001,-0.0001,-0.0001,0.0,-0.06,-0.06,0.0,0.0,-0.06,3.0,3.0,3.0,3.0,-0.6099,0.021,0.007,0.7922,0.19,0.25,-0.06,0.0,-0.01,-0.01,3.0,3.0,3.0,3.0,-0.0126,-0.0001,-0.0001,-0.0001,0.06,-0.06,-0.06,0.03,0.1,0.0,2.0,3.0,3.0,3.0,-0.7648,0.0115,0.0281,0.6435,0.0,-0.06,-0.06,-0.09,-0.03,-0.21,3.0,3.0,3.0,3.0
351888.0,-0.0075,-0.0001,-0.0001,-0.0001,0.12,0.12,-0.12,-0.03,0.1,-0.08,3.0,3.0,3.0,3.0,-0.004,-0.0001,-0.0001,-0.0001,0.0,0.06,0.0,-0.02,0.02,-0.09,3.0,3.0,3.0,3.0,-0.6099,0.021,0.007,-0.0001,0.12,-0.06,-0.06,-0.01,-0.01,-0.12,3.0,3.0,3.0,3.0,-0.0126,-0.0001,-0.0001,-0.0001,0.06,-0.06,0.12,0.02,0.08,0.0,2.0,3.0,3.0,3.0,-0.7648,0.0115,0.0281,0.6435,0.06,0.0,-0.06,-0.09,-0.01,-0.17,3.0,3.0,3.0,3.0
351937.0,-0.0075,-0.0001,-0.0001,-0.0001,0.12,0.19,0.06,-0.05,0.12,-0.02,3.0,3.0,3.0,3.0,-0.004,-0.0001,-0.0001,-0.0001,0.06,-0.06,-0.06,-0.01,0.0,-0.06,3.0,3.0,3.0,3.0,-0.6099,0.021,0.007,0.7922,0.0,0.12,-0.06,-0.01,0.0,-0.01,3.0,3.0,3.0,3.0,-0.0126,-0.0001,-0.0001,-0.0001,0.0,0.12,0.0,0.01,0.08,-0.02,2.0,3.0,3.0,3.0,-0.7648,0.0115,0.0281,0.6435,0.06,-0.06,-0.06,-0.1,0.0,-0.01,3.0,3.0,3.0,3.0
351988.0,-0.0075,-0.0001,-0.0001,-0.0001,0.0,0.06,0.0,-0.06,0.09,-0.02,3.0,3.0,3.0,3.0,-0.004,-0.0001,-0.0001,-0.0001,0.0,0.0,0.0,-0.02,0.0,-0.06,3.0,3.0,3.0,3.0,-0.6099,0.021,0.007,-0.0001,0.0,0.12,0.0,0.0,-0.01,-0.01,3.0,3.0,3.0,3.0,-0.0126,-0.0001,-0.0001,-0.0001,-0.06,0.06,0.12,0.0,0.08,0.0,2.0,3.0,3.0,3.0,-0.7648,0.0115,0.0281,0.6435,0.12,-0.06,-0.06,-0.08,-0.03,-0.2,3.0,3.0,3.0,3.0
352037.0,-0.0075,-0.0001,-0.0001,-0.0001,-0.06,-0.12,0.0,-0.03,0.13,-0.04,3.0,3.0,3.0,3.0,-0.004,-0.0001,-0.0001,-0.0001,0.0,0.12,-0.06,-0.01,0.0,-0.05,3.0,3.0,3.0,3.0,-0.6099,0.021,0.007,0.7922,0.06,0.06,0.12,0.0,-0.01,-0.01,3.0,3.0,3.0,3.0,-0.0126,-0.0001,-0.0001,-0.0001,0.12,-0.06,0.06,0.01,0.08,0.01,2.0,3.0,3.0,3.0,-0.7648,0.0115,0.0281,0.6435,0.06,-0.06,-0.06,-0.1,-0.01,-0.19,3.0,3.0,3.0,3.0
352088.0,-0.0075,-0.0001,-0.0001,-0.0001,0.0,0.12,0.0,-0.04,0.12,-0.04,3.0,3.0,3.0,3.0,-0.004,-0.0001,-0.0001,-0.0001,0.06,-0.06,-0.06,-0.01,-0.01,-0.06,3.0,3.0,3.0,3.0,-0.6099,0.021,0.007,0.7922,0.0,0.12,0.06,0.01,0.0,-0.01,3.0,3.0,3.0,3.0,-0.0126,-0.0001,-0.0001,-0.0001,-0.06,0.25,0.0,0.01,0.1,-0.01,2.0,3.0,3.0,3.0,-0.0148,-0.0001,-0.0001,-0.0001,0.12,0.0,0.0,-0.09,0.0,-0.01,3.0,3.0,3.0,3.0
352139.0,-0.0075,-0.0001,-0.0001,-0.0001,0.06,0.0,0.0,-0.04,0.11,-0.05,3.0,3.0,3.0,3.0,-0.004,-0.0001,-0.0001,-0.0001,-0.06,0.06,0.0,-0.01,0.0,-0.06,3.0,3.0,3.0,3.0,-0.6099,0.021,0.007,-0.0001,0.0,-0.06,-0.06,0.0,-0.01,-0.01,3.0,3.0,3.0,3.0,-0.0126,-0.0001,-0.0001,-0.0001,0.0,0.06,-0.06,0.01,0.09,-0.02,2.0,3.0,3.0,3.0,-0.0148,-0.0001,-0.0001,-0.0001,-0.06,0.0,0.0,-0.1,-0.02,-0.21,3.0,3.0,3.0,3.0
352188.0,-0.0075,-0.0001,-0.0001,-0.0001,0.0,-0.12,0.06,-0.05,0.11,-0.05,3.0,3.0,3.0,3.0,-0.004,-0.0001,-0.0001,-0.0001,0.0,-0.06,-0.06,-0.03,-0.02,-0.06,3.0,3.0,3.0,3.0,-0.6099,0.021,0.007,-0.0001,-0.06,0.19,0.0,0.0,-0.01,-0.01,3.0,3.0,3.0,3.0,-0.0126,-0.0001,-0.0001,-0.0001,-0.12,0.19,0.06,0.03,0.1,0.0,2.0,3.0,3.0,3.0,-0.0148,-0.0001,-0.0001,-0.0001,-0.12,-0.06,0.06,-0.1,0.0,-0.01,3.0,3.0,3.0,3.0
352238.0,-0.0075,-0.0001,-0.0001,-0.0001,0.06,0.12,0.06,-0.05,0.1,-0.06,3.0,3.0,3.0,3.0,-0.004,-0.0001,-0.0001,-0.0001,0.06,-0.06,-0.06,-0.01,0.0,-0.06,3.0,3.0,3.0,3.0,-0.6099,0.021,0.007,-0.0001,-0.06,0.0,0.0,0.0,0.0,-0.01,3.0,3.0,3.0,3.0,-0.0126,-0.0001,-0.0001,-0.0001,0.12,-0.19,0.0,0.02,0.09,0.0,2.0,3.0,3.0,3.0,-0.0148,-0.0001,-0.0001,-0.0001,0.06,0.12,-0.06,-0.09,-0.01,-0.18,3.0,3.0,3.0,3.0
352288.0,-0.0075,-0.0001,-0.0001,-0.0001,0.06,0.06,-0.06,-0.05,0.1,-0.05,3.0,3.0,3.0,3.0,-0.004,-0.0001,-0.0001,-0.0001,0.06,-0.06,-0.06,-0.03,0.0,-0.05,3.0,3.0,3.0,3.0,-0.6099,0.021,0.007,0.7922,-0.06,-0.19,-0.06,-0.01,0.0,-0.01,3.0,3.0,3.0,3.0,-0.5908,0.0152,0.0013,0.8067,0.06,-0.12,-0.06,0.02,0.1,-0.01,2.0,3.0,3.0,3.0,-0.0148,-0.0001,-0.0001,-0.0001,0.06,-0.06,-0.06,-0.11,0.0,-0.01,3.0,3.0,3.0,3.0
352338.0,-0.0075,-0.0001,-0.0001,-0.0001,0.06,0.19,0.0,-0.06,0.1,-0.04,3.0,3.0,3.0,3.0,-0.004,-0.0001,-0.0001,-0.0001,0.12,-0.06,-0.06,0.0,0.0,-0.06,3.0,3.0,3.0,3.0,-0.6099,0.021,0.007,0.7922,-0.06,0.06,-0.06,0.0,-0.01,-0.01,3.0,3.0,3.0,3.0,-0.0126,-0.0001,-0.0001,-0.0001,0.0,0.19,-0.06,0.01,0.1,0.0,2.0,3.0,3.0,3.0,-0.0148,-0.0001,-0.0001,-0.0001,-0.06,-0.06,0.06,-0.1,-0.03,-0.22,3.0,3.0,3.0,3.0
352389.0,-0.0075,-0.0001,-0.0001,-0.0001,0.12,-0.06,0.0,-0.04,0.12,-0.04,3.0,3.0,3.0,3.0,-0.004,-0.0001,-0.0001,-0.0001,-0.12,-0.06,0.0,0.0,0.0,-0.06,3.0,3.0,3.0,3.0,-0.6099,0.021,0.007,-0.0001,-0.06,0.12,0.0,0.02,0.0,-0.01,3.0,3.0,3.0,3.0,-0.5908,0.0152,0.0013,0.8067,0.06,-0.06,-0.12,0.02,0.11,0.0,2.0,3.0,3.0,3.0,-0.0148,-0.0001,-0.0001,-0.0001,0.06,0.0,-0.06,-0.07,0.0,-0.01,3.0,3.0,3.0,3.0
352439.0,-0.0075,-0.0001,-0.0001,-0.0001,0.0,0.25,0.0,-0.03,0.09,-0.05,3.0,3.0,3.0,3.0,-0.004,-0.0001,-0.0001,-0.0001,0.12,-0.06,-0.06,-0.01,0.02,-0.06,3.0,3.0,3.0,3.0,-0.6099,0.021,0.007,-0.0001,0.0,-0.06,-0.06,0.0,-0.01,-0.01,3.0,3.0,3.0,3.0,-0.0126,-0.0001,-0.0001,-0.0001,0.0,0.06,0.0,0.0,0.09,-0.03,2.0,3.0,3.0,3.0,-0.0148,-0.0001,-0.0001,-0.0001,-0.12,-0.19,-0.12,-0.09,-0.02,-0.19,3.0,3.0,3.0,3.0
352489.0,-0.0075,-0.0001,-0.0001,-0.0001,0.06,-0.06,0.0,-0.03,0.09,-0.07,3.0,3.0,3.0,3.0,-0.004,-0.0001,-0.0001,-0.0001,-0.06,0.12,0.0,-0.01,0.0,-0.06,3.0,3.0,3.0,3.0,-0.6099,0.021,0.007,-0.0001,-0.25,-0.06,0.0,0.0,0.0,-0.01,3.0,3.0,3.0,3.0,-0.5908,0.0152,0.0013,0.8067,0.06,0.0,-0.06,0.0,0.08,-0.01,2.0,3.0,3.0,3.0,-0.0148,-0.0001,-0.0001,-0.0001,0.06,0.06,0.0,-0.11,0.0,-0.18,3.0,3.0,3.0,3.0
352539.0,-0.0075,-0.0001,-0.0001,-0.0001,-0.12,-0.06,0.0,-0.03,0.11,-0.08,3.0,3.0,3.0,3.0,-0.004,-0.0001,-0.0001,-0.0001,0.12,-0.06,-0.06,-0.02,0.0,-0.07,3.0,3.0,3.0,3.0,-0.6099,0.021,0.007,-0.0001,0.0,0.06,0.12,0.0,0.0,-0.01,3.0,3.0,3.0,3.0,-0.5908,0.0152,0.0013,0.8067,-0.12,0.0,0.06,0.02,0.1,0.0,2.0,3.0,3.0,3.0,-0.0148,-0.0001,-0.0001,-0.0001,0.06,-0.06,-0.06,-0.08,-0.02,-0.2,3.0,3.0,3.0,3.0
352589.0,-0.0075,-0.0001,-0.0001,-0.0001,0.0,0.06,-0.06,-0.03,0.11,-0.05,3.0,3.0,3.0,3.0,-0.004,-0.0001,-0.0001,-0.0001,0.0,-0.06,-0.06,-0.02,0.0,-0.06,3.0,3.0,3.0,3.0,-0.6099,0.021,0.007,0.7922,0.0,0.12,0.06,0.0,0.01,-0.01,3.0,3.0,3.0,3.0,-0.5908,0.0152,0.0013,0.8067,0.06,-0.12,0.0,0.0,0.1,-0.02,2.0,3.0,3.0,3.0,-0.0148,-0.0001,-0.0001,-0.0001,0.0,-0.06,-0.06,-0.07,-0.02,-0.22,3.0,3.0,3.0,3.0
352640.0,-0.0075,-0.0001,-0.0001,-0.0001,-0.06,0.0,0.0,-0.04,0.09,-0.04,3.0,3.0,3.0,3.0,-0.004,-0.0001,-0.0001,-0.0001,-0.06,-0.12,0.06,0.0,0.02,-0.06,3.0,3.0,3.0,3.0,-0.6099,0.021,0.007,-0.0001,0.0,0.06,0.06,0.0,0.0,-0.01,3.0,3.0,3.0,3.0,-0.5908,0.0152,0.0013,0.8067,-0.06,0.0,0.0,0.01,0.09,0.0,2.0,3.0,3.0,3.0,-0.0148,-0.0001,-0.0001,-0.0001,0.0,0.0,0.06,-0.07,0.0,-0.19,3.0,3.0,3.0,3.0
352690.0,-0.0075,-0.0001,-0.0001,-0.0001,-0.06,0.06,0.06,-0.05,0.1,-0.07,3.0,3.0,3.0,3.0,-0.004,-0.0001,-0.0001,-0.0001,0.06,0.19,0.0,-0.02,0.0,-0.05,3.0,3.0,3.0,3.0,-0.6099,0.021,0.007,-0.0001,0.12,-0.06,-0.06,0.0,-0.01,-0.01,3.0,3.0,3.0,3.0,-0.5908,0.0152,0.0013,0.8067,0.12,-0.06,0.0,0.02,0.09,0.0,2.0,3.0,3.0,3.0,-0.0148,-0.0001,-0.0001,-0.0001,0.06,-0.06,-0.06,-0.08,-0.01,-0.2,3.0,3.0,3.0,3.0
352740.0,-0.0075,-0.0001,-0.0001,-0.0001,-0.06,0.0,0.0,-0.03,0.11,-0.04,3.0,3.0,3.0,3.0,-0.004,-0.0001,-0.0001,-0.0001,-0.06,-0.12,0.19,-0.03,0.0,-0.08,3.0,3.0,3.0,3.0,-0.6099,0.021,0.007,-0.0001,0.06,0.06,-0.06,0.0,-0.01,-0.01,3.0,3.0,3.0,3.0,-0.5908,0.0152,0.0013,0.8067,-0.06,0.12,-0.06,0.01,0.11,0.0,2.0,3.0,3.0,3.0,-0.0148,-0.0001,-0.0001,-0.0001,0.06,-0.06,-0.06,-0.1,0.0,-0.2,3.0,3.0,3.0,3.0
352790.0,-0.0075,-0.0001,-0.0001,-0.0001,0.06,-0.06,0.0,-0.04,0.11,-0.07,3.0,3.0,3.0,3.0,-0.004,-0.0001,-0.0001,-0.0001,0.06,0.19,0.0,-0.02,0.0,-0.01,3.0,3.0,3.0,3.0,-0.6099,0.021,0.007,-0.0001,0.0,0.12,-0.06,0.0,-0.01,-0.01,3.0,3.0,3.0,3.0,-0.5908,0.0152,0.0013,0.8067,-0.25,0.25,0.0,0.18,0.18,-1.1,2.0,3.0,3.0,3.0,-0.0148,-0.0001,-0.0001,-0.0001,-0.06,0.06,0.0,-0.15,-0.04,-0.34,3.0,3.0,3.0,3.0
352840.0,-0.0075,-0.0001,-0.0001,-0.0001,0.75,0.25,-0.25,0.03,0.4,-1.87,3.0,3.0,3.0,3.0,-0.004,-0.0001,-0.0001,-0.0001,-0.5,0.0,-0.06,-0.01,-0.04,-0.24,3.0,3.0,3.0,3.0,-0.6099,0.0208,0.007,0.7922,1.12,1.0,-0.06,-0.52,0.15,-0.01,3.0,3.0,3.0,3.0,-0.5908,0.0151,0.0011,0.8067,-1.69,-0.12,-0.12,-0.12,0.31,-0.66,2.0,3.0,3.0,3.0,-0.0149,-0.0001,-0.0001,-0.0001,-0.12,0.12,-0.06,-0.68,-0.05,0.18,3.0,3.0,3.0,3.0
352890.0,-0.0075,-0.0001,-0.0001,-0.0001,0.56,-0.75,-0.31,-0.58,0.29,-1.31,3.0,3.0,3.0,3.0,-0.004,-0.0001,-0.0001,-0.0001,-0.12,-0.31,-0.19,-0.56,0.0,-0.01,3.0,3.0,3.0,3.0,-0.6099,0.0206,0.0068,-0.0001,0.12,-0.06,-0.06,-0.72,-0.01,-0.01,3.0,3.0,3.0,3.0,-0.5908,0.015,0.0011,0.8067,-0.63,0.19,-0.44,-0.84,-0.17,0.28,2.0,3.0,3.0,3.0,-0.0149,-0.0001,-0.0001,-0.0001,-0.06,0.44,-0.06,-0.86,-0.03,0.01,3.0,3.0,3.0,3.0
352941.0,-0.0075,-0.0001,-0.0001,-0.0001,-0.06,0.0,-0.25,-0.59,-0.15,0.14,3.0,3.0,3.0,3.0,-0.0041,-0.0001,-0.0001,-0.0001,0.12,0.12,-0.06,-0.63,-0.02,0.1,3.0,3.0,3.0,3.0,-0.6099,0.0192,0.0056,0.7922,-0.37,0.06,-0.06,-0.65,-0.01,-0.01,3.0,3.0,3.0,3.0,-0.5908,0.0141,0.0001,0.8067,-0.06,0.31,-0.75,-0.9,-0.25,0.13,2.0,3.0,3.0,3.0,-0.0149,-0.0001,-0.0001,-0.0001,-0.12,-0.44,-0.37,-0.63,0.02,-0.06,3.0,3.0,3.0,3.0
352991.0,-0.0073,-0.0001,-0.0001,-0.0001,-0.06,0.19,-2.81,-0.51,-0.81,0.01,3.0,3.0,3.0,3.0,-0.5974,0.0208,0.0064,0.8016,-0.31,0.25,-0.06,-0.43,0.0,-0.01,3.0,3.0,3.0,3.0,-0.6095,0.0179,0.0045,-0.0001,0.12,0.56,-0.06,-0.98,-0.01,-0.01,3.0,3.0,3.0,3.0,-0.5899,0.0135,-0.0006,0.8074,0.12,0.12,-4.13,-0.93,-0.69,0.09,2.0,3.0,3.0,3.0,-0.7644,0.0079,0.0242,0.6443,-0.19,0.37,-3.44,-0.96,0.08,-0.14,3.0,3.0,3.0,3.0
353041.0,-0.0057,-0.0001,-0.0001,-0.0001,-0.19,0.12,-6.88,-0.78,-0.37,0.01,3.0,3.0,3.0,3.0,-0.5956,0.0191,0.0054,0.803,0.06,0.0,-0.06,-0.64,0.09,-0.01,3.0,3.0,3.0,3.0,-0.6077,0.0144,0.0023,0.794,0.06,0.12,-0.06,-0.8,-0.01,-0.01,3.0,3.0,3.0,3.0,-0.5883,0.0128,-0.002,0.8085,0.63,-0.12,-7.56,-0.93,0.01,0.03,2.0,3.0,3.0,3.0,-0.7628,0.0072,0.0237,0.6462,-0.06,-0.5,-7.5,-0.67,0.11,-0.19,3.0,3.0,3.0,3.0
353090.0,-0.6127,0.0367,0.0035,-0.0001,0.0,-0.25,-7.31,-0.81,0.42,-0.19,3.0,3.0,3.0,3.0,-0.015,-0.0001,-0.0001,-0.0001,-0.19,-0.12,-6.88,-0.65,-0.01,-0.01,3.0,3.0,3.0,3.0,-0.6053,0.012,0.0005,0.7959,-0.5,-0.06,-7.13,-0.33,-0.08,-0.08,3.0,3.0,3.0,3.0,-0.0076,-0.0001,-0.0001,-0.0001,-0.31,-0.31,-6.44,-0.36,0.39,0.12,2.0,3.0,3.0,3.0,-0.7608,0.0042,0.02,0.6487,-0.5,-0.63,-6.75,-0.64,-0.06,-0.18,3.0,3.0,3.0,3.0
353139.0,-0.6106,0.0369,0.0034,-0.0001,-0.69,-0.25,-5.25,-0.36,0.29,0.09,3.0,3.0,3.0,3.0,-0.013,-0.0001,-0.0001,-0.0001,0.06,-0.06,-0.06,-0.29,0.06,-0.01,3.0,3.0,3.0,3.0,-0.6033,0.0121,0.0005,0.7974,-0.44,-0.06,-4.94,0.0,-0.01,-0.01,3.0,3.0,3.0,3.0,-0.0057,-0.0001,-0.0001,-0.0001,0.06,0.06,-4.94,-0.13,0.22,-0.09,2.0,3.0,3.0,3.0,-0.7592,0.004,0.0198,0.6505,-0.31,-0.37,-4.94,0.06,0.18,-0.18,3.0,3.0,3.0,3.0
353188.0,-0.0152,-0.0001,-0.0001,-0.0001,-0.31,-0.5,-4.81,0.09,-0.08,0.05,3.0,3.0,3.0,3.0,-0.5895,0.0181,0.0048,0.8076,0.06,-0.06,-0.06,0.38,-0.01,-0.01,3.0,3.0,3.0,3.0,-0.6017,0.0123,0.0005,0.7986,-0.56,-0.31,-4.94,0.27,-0.26,-0.11,3.0,3.0,3.0,3.0,-0.004,-0.0001,-0.0001,-0.0001,-0.25,-0.5,-5.0,0.27,-0.27,-0.38,2.0,3.0,3.0,3.0,-0.7579,0.004,0.0198,0.652,0.31,-0.56,-5.25,0.17,-0.35,-0.2,3.0,3.0,3.0,3.0
353238.0,-0.0134,-0.0001,-0.0001,-0.0001,-0.25,0.63,-0.06,0.24,0.08,-0.01,3.0,3.0,3.0,3.0,-0.5876,0.018,0.0051,0.809,0.56,0.44,-5.94,0.33,0.21,-0.01,3.0,3.0,3.0,3.0,-0.6002,0.0121,0.0006,0.7997,-0.25,0.06,-6.13,0.37,0.24,0.15,3.0,3.0,3.0,3.0,-0.5801,0.0129,-0.0001,-0.0001,-0.25,-0.25,-6.19,0.22,0.32,-0.03,2.0,3.0,3.0,3.0,-0.7563,0.004,0.0199,0.6539,0.0,0.75,-6.19,0.23,0.53,-0.18,3.0,3.0,3.0,3.0
353287.0,-0.605,0.037,0.0034,-0.0001,-0.94,0.25,-0.06,0.35,0.16,-0.01,3.0,3.0,3.0,3.0,-0.5854,0.0183,0.0051,0.8105,-0.63,0.12,-6.5,0.45,0.01,0.01,3.0,3.0,3.0,3.0,-0.0043,-0.0001,-0.0001,-0.0001,-0.94,-0.31,-6.44,0.43,-0.18,-0.17,3.0,3.0,3.0,3.0,-0.5779,0.0132,-0.0001,-0.0001,-0.81,0.06,-0.06,0.35,0.11,-0.01,2.0,3.0,3.0,3.0,-0.7545,0.0042,0.0197,0.656,-0.63,-0.69,-6.69,0.46,-0.41,-0.21,3.0,3.0,3.0,3.0
353335.0,-0.6028,0.0372,0.0038,0.797,-0.5,0.37,-0.06,0.15,0.22,-0.01,3.0,3.0,3.0,3.0,-0.5833,0.0183,0.0051,0.8121,0.0,0.37,-5.94,0.4,0.19,-0.1,3.0,3.0,3.0,3.0,-0.5959,0.0131,0.0011,0.8029,0.31,0.81,-5.94,0.43,0.21,-0.22,3.0,3.0,3.0,3.0,-0.5757,0.0137,-0.0008,0.8175,-0.37,0.19,-0.06,0.29,0.16,-0.01,2.0,3.0,3.0,3.0,-0.7528,0.0041,0.0197,0.658,-0.25,0.75,-5.88,0.29,0.25,-0.27,3.0,3.0,3.0,3.0
353385.0,-0.6008,0.0373,0.0043,0.7985,0.31,1.63,-0.06,0.41,-0.01,-0.01,3.0,3.0,3.0,3.0,-0.5815,0.0182,0.0051,0.8133,0.06,0.25,-5.81,0.71,-0.08,-0.27,3.0,3.0,3.0,3.0,-0.5939,0.0131,0.001,0.8044,0.31,1.56,-6.06,1.04,-0.2,0.25,3.0,3.0,3.0,3.0,-0.5735,0.0139,-0.0001,-0.0001,-0.69,-0.56,-6.25,0.56,-0.01,-0.01,2.0,3.0,3.0,3.0,-0.751,0.004,0.0197,0.6599,0.0,-0.56,-6.25,0.93,-0.19,-0.3,3.0,3.0,3.0,3.0
353435.0,-0.5987,0.0374,0.0043,0.8001,-1.37,0.19,-0.06,0.54,0.09,0.34,3.0,3.0,3.0,3.0,-0.579,0.0187,0.0056,0.8151,0.12,0.19,-5.81,0.74,0.23,-0.26,3.0,3.0,3.0,3.0,-0.0136,-0.0001,-0.0001,-0.0001,0.63,0.44,-0.06,0.86,0.32,-0.34,3.0,3.0,3.0,3.0,-0.5715,0.0137,-0.0001,-0.0001,1.44,0.44,-0.06,0.92,0.92,0.57,2.0,3.0,3.0,3.0,-0.7494,0.004,0.0198,0.6619,-0.06,0.44,-5.44,0.44,0.15,-0.37,3.0,3.0,3.0,3.0
353485.0,-0.5971,0.0373,0.0043,0.8013,0.12,-0.06,-0.06,0.7,0.99,-0.01,3.0,3.0,3.0,3.0,-0.0153,-0.0001,-0.0001,-0.0001,-0.19,-0.37,-2.44,0.86,-0.04,-0.04,3.0,3.0,3.0,3.0,-0.0122,-0.0001,-0.0001,-0.0001,-0.63,-0.44,-2.56,1.69,-0.19,-0.27,3.0,3.0,3.0,3.0,-0.0076,-0.0001,-0.0001,-0.0001,0.06,0.31,-0.06,1.39,0.99,-0.01,2.0,3.0,3.0,3.0,-0.7484,0.004,0.0198,0.663,-0.25,-0.88,-1.88,1.31,-0.25,-0.33,3.0,3.0,3.0,3.0
353534.0,-0.5969,0.0373,0.0043,0.8015,0.25,-0.06,-0.06,1.57,0.85,-0.01,3.0,3.0,3.0,3.0,-0.015,-0.0001,-0.0001,-0.0001,0.25,-0.12,2.0,1.69,0.0,-0.11,3.0,3.0,3.0,3.0,-0.0123,-0.0001,-0.0001,-0.0001,0.0,0.0,2.0,2.23,-0.07,-0.26,3.0,3.0,3.0,3.0,-0.5704,0.0138,-0.0001,-0.0001,0.25,-0.06,-0.06,2.15,0.76,-0.01,2.0,3.0,3.0,3.0,-0.7486,0.0042,0.02,0.6627,0.19,-0.69,2.31,2.4,0.03,-0.37,3.0,3.0,3.0,3.0
353585.0,-0.598,0.0373,0.0042,0.8006,0.31,-0.44,4.0,1.77,0.51,-0.01,3.0,3.0,3.0,3.0,-0.5786,0.022,0.0078,0.8153,-0.12,-0.12,4.31,1.79,-0.06,-0.16,3.0,3.0,3.0,3.0,-0.0135,-0.0001,-0.0001,-0.0001,0.25,0.25,4.31,2.01,-0.15,-0.19,3.0,3.0,3.0,3.0,-0.5717,0.0138,-0.0001,-0.0001,0.19,-0.06,-0.06,1.98,0.3,-0.01,2.0,3.0,3.0,3.0,-0.7497,0.0042,0.02,0.6614,0.37,0.75,4.63,1.94,-0.13,-0.23,3.0,3.0,3.0,3.0
353635.0,-0.5995,0.0373,0.0042,0.7994,0.25,-0.12,4.75,1.72,-0.01,-0.01,3.0,3.0,3.0,3.0,-0.58,0.0284,-0.0001,-0.0001,0.06,0.06,4.56,1.66,0.08,-0.24,3.0,3.0,3.0,3.0,-0.0151,-0.0001,-0.0001,-0.0001,0.81,0.06,4.56,1.49,-0.07,-0.13,3.0,3.0,3.0,3.0,-0.5733,0.0138,-0.0004,0.8192,0.37,0.12,4.31,1.54,-0.01,-0.01,3.0,3.0,3.0,3.0,-0.751,0.0042,0.0198,0.66,0.44,-0.44,4.19,1.8,0.16,-0.33,3.0,3.0,3.0,3.0
353686.0,-0.6007,0.0373,0.0042,0.7986,-0.06,-0.56,2.19,1.68,-0.01,-0.01,3.0,3.0,3.0,3.0,-0.5808,0.0378,0.0191,0.8129,-0.56,-0.31,1.5,1.31,0.06,-0.08,3.0,3.0,3.0,3.0,-0.5942,0.0193,0.0052,0.8041,-0.06,-0.06,1.44,1.1,-0.02,-0.15,3.0,3.0,3.0,3.0,-0.5742,0.0139,-0.0001,-0.0001,-0.5,0.0,1.12,1.23,-0.01,-0.01,3.0,3.0,3.0,3.0,-0.7516,0.0043,0.02,0.6592,-0.31,0.12,0.94,1.55,0.0,-0.14,3.0,3.0,3.0,3.0
353739.0,-0.0068,-0.0001,-0.0001,-0.0001,0.12,0.12,-0.06,1.26,-0.6,0.13,3.0,3.0,3.0,3.0,-0.5802,0.0462,0.0256,0.8127,0.56,0.0,-2.88,0.8,0.09,-0.01,3.0,3.0,3.0,3.0,-0.5935,0.0208,0.0065,0.8046,0.06,-0.5,-3.81,0.92,-0.4,0.04,3.0,3.0,3.0,3.0,-0.5735,0.0139,-0.0001,-0.0001,0.37,-0.06,-0.06,1.03,-0.63,-0.18,3.0,3.0,3.0,3.0,-0.7512,0.0042,0.02,0.6598,1.0,-0.31,-3.75,0.99,0.27,-0.13,3.0,3.0,3.0,3.0
353787.0,-0.0054,-0.0001,-0.0001,-0.0001,-0.25,-0.25,-5.19,0.95,-0.01,-0.01,3.0,3.0,3.0,3.0,-0.5786,0.0461,0.0256,0.814,-0.56,-0.5,-5.81,0.64,0.19,0.04,3.0,3.0,3.0,3.0,-0.014,-0.0001,-0.0001,-0.0001,-0.44,0.31,-5.81,0.32,0.42,-0.16,3.0,3.0,3.0,3.0,-0.5717,0.0169,-0.0001,-0.0001,0.75,0.31,-0.06,0.6,-0.01,-0.01,3.0,3.0,3.0,3.0,-0.7497,0.0043,0.02,0.6615,-0.94,0.0,-6.31,0.93,-0.12,-0.13,3.0,3.0,3.0,3.0
353837.0,-0.5964,0.0372,0.0044,0.8018,-0.44,0.37,-10.06,0.75,-0.01,-0.01,3.0,3.0,3.0,3.0,-0.5762,0.0461,0.0258,0.8156,-0.69,0.19,-10.69,0.0,-0.54,-0.1,3.0,3.0,3.0,3.0,-0.5892,0.0206,0.0067,-0.0001,-0.44,-0.31,-10.69,0.09,-0.24,-0.08,3.0,3.0,3.0,3.0,-0.0059,-0.0001,-0.0001,-0.0001,-2.06,-0.12,-11.31,0.15,-0.01,-0.01,3.0,3.0,3.0,3.0,-0.7469,0.0043,0.02,0.6646,-0.75,0.06,-11.56,0.63,-0.26,-0.21,3.0,3.0,3.0,3.0
353887.0,-0.014,-0.0001,-0.0001,-0.0001,-1.19,-0.19,-14.25,0.39,-0.01,-0.01,3.0,3.0,3.0,3.0,-0.572,0.046,0.0258,0.8186,-0.69,0.5,-14.56,-0.42,-0.64,0.5,3.0,3.0,3.0,3.0,-0.0065,-0.0001,-0.0001,-0.0001,-1.19,-0.31,-14.44,0.21,-0.31,0.35,3.0,3.0,3.0,3.0,-0.5637,0.017,-0.0001,-0.0001,-0.56,-0.06,-14.44,0.2,0.15,0.56,3.0,3.0,3.0,3.0,-0.7431,0.0044,0.0198,0.6688,-0.88,-0.69,-14.38,0.42,-0.51,0.09,3.0,3.0,3.0,3.0
353938.0,-0.5873,0.0373,0.0042,-0.0001,1.44,-0.06,-0.06,-0.29,0.46,-0.01,3.0,3.0,3.0,3.0,-0.5662,0.0458,0.0261,0.8226,-0.56,0.5,-13.25,-0.67,-0.26,-0.37,3.0,3.0,3.0,3.0,-0.5799,0.0204,0.0067,0.8145,1.19,-0.12,-12.38,0.03,0.0,-0.49,3.0,3.0,3.0,3.0,-0.012,-0.0001,-0.0001,-0.0001,-0.69,-0.19,-12.63,-0.09,0.34,0.15,3.0,3.0,3.0,3.0,-0.7393,0.0043,0.0197,0.6731,0.19,0.94,-12.31,-0.36,-0.58,-0.62,3.0,3.0,3.0,3.0
353988.0,-0.0049,-0.0001,-0.0001,-0.0001,-0.69,0.69,-11.31,-0.96,-0.01,-0.01,3.0,3.0,3.0,3.0,-0.5628,0.0455,0.0262,0.8249,0.19,0.25,-10.63,-1.73,-0.33,-0.24,3.0,3.0,3.0,3.0,-0.0134,-0.0001,-0.0001,-0.0001,-1.0,0.19,-10.75,-0.5,0.23,-0.11,3.0,3.0,3.0,3.0,-0.5549,0.0168,0.0002,0.8317,0.0,0.12,-10.06,-0.74,0.95,0.47,3.0,3.0,3.0,3.0,-0.7361,0.0042,0.0198,0.6766,-1.31,-0.12,-9.44,-0.36,-0.29,-0.1,3.0,3.0,3.0,3.0
354038.0,-0.5801,0.0373,0.0038,0.8137,-0.19,0.94,-0.06,-1.43,1.66,-0.35,3.0,3.0,3.0,3.0,-0.5593,0.0455,0.0262,0.8273,-0.69,0.5,-5.5,-2.1,-0.53,0.08,3.0,3.0,3.0,3.0,-0.5731,0.0202,0.0068,0.8192,-0.12,0.19,-3.88,-0.63,-0.39,0.01,3.0,3.0,3.0,3.0,-0.0055,-0.0001,-0.0001,-0.0001,-1.06,0.5,-0.06,-0.66,-0.01,-0.01,3.0,3.0,3.0,3.0,-0.7341,0.0042,0.0195,0.6787,-0.25,0.56,-3.88,-1.13,-0.55,-0.05,3.0,3.0,3.0,3.0
354088.0,-0.5791,0.0372,0.0038,0.8144,0.63,0.19,-0.06,-1.23,-0.01,-0.01,3.0,3.0,3.0,3.0,-0.5587,0.0455,0.0262,0.8278,0.88,0.44,-0.81,-1.91,-0.56,-0.15,3.0,3.0,3.0,3.0,-0.5724,0.0202,0.0069,0.8197,0.94,0.56,-0.19,-1.2,0.06,0.08,3.0,3.0,3.0,3.0,-0.0049,-0.0001,-0.0001,-0.0001,0.69,0.69,-0.06,-1.1,-0.01,-0.01,3.0,3.0,3.0,3.0,-0.015,-0.0001,-0.0001,-0.0001,0.94,0.12,-0.06,-0.63,0.25,0.0,3.0,3.0,3.0,3.0
354140.0,-0.5791,0.0352,0.0034,0.8145,0.44,0.81,0.0,-1.21,0.4,0.65,3.0,3.0,3.0,3.0,-0.5586,0.0452,0.0263,0.8278,0.37,0.75,0.25,-1.81,-0.07,-0.15,3.0,3.0,3.0,3.0,-0.5724,0.0198,0.0072,0.8197,0.19,-0.06,0.37,-0.85,0.01,-0.12,3.0,3.0,3.0,3.0,-0.0049,-0.0001,-0.0001,-0.0001,-0.06,0.25,0.37,-0.67,0.47,0.07,3.0,3.0,3.0,3.0,-0.015,-0.0001,-0.0001,-0.0001,0.75,0.25,0.5,-1.2,0.03,-0.09,3.0,3.0,3.0,3.0
354189.0,-0.5793,0.0352,0.0034,0.8143,-0.69,-0.06,1.44,-1.1,-0.06,-0.31,3.0,3.0,3.0,3.0,-0.559,0.0453,0.0263,0.8275,0.0,-0.31,1.25,-1.67,-0.15,0.11,3.0,3.0,3.0,3.0,-0.5728,0.0198,0.0072,0.8195,-0.06,0.0,1.5,-1.13,-0.02,-0.1,3.0,3.0,3.0,3.0,-0.0054,-0.0001,-0.0001,-0.0001,-0.31,-0.06,1.37,-1.17,-0.09,0.22,3.0,3.0,3.0,3.0,-0.7341,0.0038,0.0197,0.6787,-0.19,-0.12,1.44,-0.52,0.05,-0.09,3.0,3.0,3.0,3.0
354239.0,-0.5797,0.0352,0.0033,0.8141,-0.44,0.81,0.44,-0.87,-0.65,0.1,3.0,3.0,3.0,3.0,-0.5596,0.0361,0.0197,0.8278,-0.06,0.31,-0.12,-1.21,-0.04,-0.05,3.0,3.0,3.0,3.0,-0.5731,0.0166,0.0051,0.8193,0.06,0.5,-0.81,-1.22,0.04,-0.13,3.0,3.0,3.0,3.0,-0.0056,-0.0001,-0.0001,-0.0001,0.0,0.5,-0.06,-1.24,-0.69,0.2,3.0,3.0,3.0,3.0,-0.0156,-0.0001,-0.0001,-0.0001,-0.12,0.25,-0.06,-0.96,0.01,-0.15,3.0,3.0,3.0,3.0
354289.0,-0.5791,0.0352,0.0034,0.8145,0.0,0.31,-0.06,-0.98,-0.29,-0.15,3.0,3.0,3.0,3.0,-0.559,0.0286,0.0145,0.8286,-0.12,0.06,-3.81,-1.22,-0.02,0.01,3.0,3.0,3.0,3.0,-0.5723,0.0093,0.0002,0.8199,0.06,0.31,-3.94,-0.89,0.02,-0.04,3.0,3.0,3.0,3.0,-0.0045,-0.0001,-0.0001,-0.0001,0.06,0.31,-0.06,-1.05,-0.09,0.17,3.0,3.0,3.0,3.0,-0.7334,0.0037,0.0195,0.6795,-0.19,0.19,-4.13,-0.94,0.03,-0.01,3.0,3.0,3.0,3.0
354338.0,-0.0152,-0.0001,-0.0001,-0.0001,-0.5,0.37,-0.06,-0.92,-0.01,-0.01,3.0,3.0,3.0,3.0,-0.5579,0.023,-0.0001,-0.0001,-0.12,-0.5,-4.25,-0.83,-0.11,-0.03,3.0,3.0,3.0,3.0,-0.5709,0.0071,-0.0001,-0.0001,-0.25,-0.06,-4.31,-0.56,-0.06,-0.13,3.0,3.0,3.0,3.0,-0.5499,0.0092,-0.0001,-0.0001,0.44,0.06,-0.06,-0.75,0.06,0.23,3.0,3.0,3.0,3.0,-0.7322,0.0007,0.0162,0.6809,-0.19,-0.56,-4.25,-0.55,-0.08,-0.2,3.0,3.0,3.0,3.0
354388.0,-0.0136,-0.0001,-0.0001,-0.0001,-0.06,-0.56,-5.13,-0.34,-0.67,-0.01,3.0,3.0,3.0,3.0,-0.5563,0.0203,0.0082,0.8307,-0.06,0.06,-6.63,-0.35,-0.01,-0.04,3.0,3.0,3.0,3.0,-0.0067,-0.0001,-0.0001,-0.0001,0.0,-0.12,-5.63,-0.44,0.02,-0.05,3.0,3.0,3.0,3.0,-0.548,0.0092,-0.0001,-0.0001,0.19,-0.06,-0.06,-0.71,-0.01,-0.01,3.0,3.0,3.0,3.0,-0.7307,0.0007,0.0163,0.6826,-0.06,-0.25,-6.44,-0.38,0.13,-0.01,3.0,3.0,3.0,3.0
354440.0,-0.5735,0.0343,0.0023,0.8185,-0.44,0.37,-9.19,-0.43,-0.98,0.12,3.0,3.0,3.0,3.0,-0.5533,0.0202,0.0083,0.8327,-0.31,0.0,-11.44,-0.18,-0.01,0.0,3.0,3.0,3.0,3.0,-0.5664,0.0042,-0.0001,-0.0001,-0.12,0.31,-11.13,-0.87,0.04,-0.06,3.0,3.0,3.0,3.0,-0.0135,-0.0001,-0.0001,-0.0001,-0.37,0.37,-11.19,-1.04,-1.44,0.01,3.0,3.0,3.0,3.0,-0.728,-0.0004,0.0156,0.6854,-0.37,-0.12,-11.19,-0.5,0.11,-0.2,3.0,3.0,3.0,3.0
354489.0,-0.0062,-0.0001,-0.0001,-0.0001,-0.5,0.19,-0.06,-0.07,-1.82,-0.34,3.0,3.0,3.0,3.0,-0.548,0.02,0.0082,0.8362,-0.12,0.12,-20.81,0.01,-0.04,0.0,3.0,3.0,3.0,3.0,-0.0145,-0.0001,-0.0001,-0.0001,-0.44,0.25,-18.31,-0.9,0.11,-0.12,3.0,3.0,3.0,3.0,-0.0077,-0.0001,-0.0001,-0.0001,0.37,0.19,-0.06,-1.17,-0.01,-0.01,3.0,3.0,3.0,3.0,-0.7231,-0.0015,0.015,0.6905,-0.75,-0.63,-20.62,-0.21,0.11,-0.21,3.0,3.0,3.0,3.0
354539.0,-0.0138,-0.0001,-0.0001,-0.0001,-0.19,1.0,-27.06,-0.22,-1.1,-0.01,3.0,3.0,3.0,3.0,-0.5392,0.0197,-0.0001,-0.0001,-0.31,0.69,-29.37,-0.03,-0.05,-0.11,3.0,3.0,3.0,3.0,-0.0059,-0.0001,-0.0001,-0.0001,-0.5,1.25,-28.06,-0.17,0.14,0.03,2.0,3.0,3.0,3.0,-0.0139,-0.0001,-0.0001,-0.0001,0.63,0.94,-13.38,-0.63,-0.83,-0.16,3.0,3.0,3.0,3.0,-0.7155,-0.0021,0.0148,0.6985,-1.25,0.06,-29.37,-0.11,0.27,-0.11,3.0,3.0,3.0,3.0
354589.0,-0.5498,0.0338,0.0027,0.8346,-0.81,1.06,-0.06,-0.13,-0.78,-0.01,3.0,3.0,3.0,3.0,-0.0123,-0.0001,-0.0001,-0.0001,-0.88,1.25,-35.31,-0.14,-0.18,-0.13,3.0,3.0,3.0,3.0,-0.5416,-0.0011,-0.0067,-0.0001,-1.31,0.63,-35.06,-0.24,0.17,-0.01,2.0,3.0,3.0,3.0,-0.5177,0.0088,-0.0001,-0.0001,-0.94,0.44,-0.06,-0.68,-0.45,-0.07,3.0,3.0,3.0,3.0,-0.7057,-0.0024,0.0146,0.7084,-1.06,0.19,-35.31,-0.24,0.07,-0.23,3.0,3.0,3.0,3.0
354639.0,-0.0058,-0.0001,-0.0001,-0.0001,-1.06,1.0,-0.06,-0.55,0.14,-0.01,3.0,3.0,3.0,3.0,-0.0146,-0.0001,-0.0001,-0.0001,-0.56,0.63,-37.06,-0.37,-0.18,-0.08,3.0,3.0,3.0,3.0,-0.0152,-0.0001,-0.0001,-0.0001,-1.0,0.63,-37.19,0.55,0.0,0.05,2.0,3.0,3.0,3.0,-0.0046,-0.0001,-0.0001,-0.0001,-0.75,0.12,-0.06,-0.11,0.73,0.05,3.0,3.0,3.0,3.0,-0.6938,-0.0022,0.0141,0.72,-1.31,-0.81,-37.19,0.04,0.14,-0.09,3.0,3.0,3.0,3.0
354690.0,-0.524,0.0338,0.002,0.851,-2.69,0.75,-0.06,-0.44,0.91,0.28,3.0,3.0,3.0,3.0,-0.5011,0.0182,0.0078,0.8652,-1.0,0.25,-33.25,-0.4,-0.11,-0.11,3.0,3.0,3.0,3.0,-0.5186,-0.0007,-0.0078,-0.0001,-1.25,0.63,-33.19,0.81,0.0,-0.21,2.0,3.0,3.0,3.0,-0.4932,0.0091,-0.0001,-0.0001,0.06,0.06,-0.06,0.31,1.56,-0.01,3.0,3.0,3.0,3.0,-0.6829,-0.0016,0.0138,0.7304,-1.69,-0.69,-33.38,0.16,-0.53,-0.1,3.0,3.0,3.0,3.0
354740.0,-0.0124,-0.0001,-0.0001,-0.0001,-1.25,1.37,-13.0,-0.8,-0.01,-0.01,3.0,3.0,3.0,3.0,-0.004,-0.0001,-0.0001,-0.0001,0.06,0.94,-28.06,-0.68,-0.29,0.01,3.0,3.0,3.0,3.0,-0.0078,-0.0001,-0.0001,-0.0001,-0.06,0.63,-28.0,1.25,-0.19,0.19,2.0,3.0,3.0,3.0,-0.0151,-0.0001,-0.0001,-0.0001,0.69,-0.06,-0.06,0.86,2.71,0.47,3.0,3.0,3.0,3.0,-0.6732,-0.0015,0.0135,0.7393,-0.19,-0.56,-24.5,0.21,0.16,-0.46,3.0,3.0,3.0,3.0
354790.0,-0.5036,0.0339,0.0016,0.8633,-0.69,0.25,-0.06,-0.51,2.51,-0.01,3.0,3.0,3.0,3.0,-0.4796,0.0171,0.0068,0.8773,-1.37,0.19,-15.56,-0.74,0.02,-0.32,3.0,3.0,3.0,3.0,-0.5015,-0.0004,-0.0082,0.8651,-1.06,0.19,-15.88,1.36,0.18,-0.15,2.0,3.0,3.0,3.0,-0.4792,0.0093,-0.0001,-0.0001,-0.56,0.5,-15.75,1.02,3.24,0.12,3.0,3.0,3.0,3.0,-0.6665,-0.0012,0.0135,0.7454,-1.69,-0.19,-13.31,0.54,-0.22,-0.1,3.0,3.0,3.0,3.0
354840.0,-0.5005,0.0341,0.0016,0.8651,-1.19,0.37,-0.06,-1.06,-0.01,-0.01,3.0,3.0,3.0,3.0,-0.0071,-0.0001,-0.0001,-0.0001,-0.5,0.5,0.81,-1.04,-0.56,0.0,3.0,3.0,3.0,3.0,-0.5002,-0.0003,-0.0085,0.8658,0.37,0.0,4.13,1.75,-0.54,-0.28,2.0,3.0,3.0,3.0,-0.4794,0.0093,-0.0001,-0.0001,-0.5,0.0,0.63,1.19,3.63,0.0,2.0,3.0,3.0,3.0,-0.6647,-0.001,0.013,0.7469,0.37,0.5,4.38,0.2,-0.49,-0.29,3.0,3.0,3.0,3.0
354890.0,-0.5029,0.0342,0.0013,0.8637,-0.12,0.12,-0.06,-1.14,-0.01,-0.01,3.0,3.0,3.0,3.0,-0.4783,0.0172,0.0063,0.8781,0.06,-0.19,20.62,-1.06,-0.1,-0.05,3.0,3.0,3.0,3.0,-0.0063,-0.0001,-0.0001,-0.0001,0.06,-0.25,23.56,1.68,0.0,-0.07,2.0,3.0,3.0,3.0,-0.4871,0.0095,-0.0001,-0.0001,-1.12,0.25,20.5,1.01,3.71,0.1,2.0,3.0,3.0,3.0,-0.6693,-0.0012,0.0131,0.7429,0.63,0.75,23.94,0.76,-0.27,-0.19,3.0,3.0,3.0,3.0
354940.0,-0.0123,-0.0001,-0.0001,-0.0001,0.25,-0.06,-0.06,-0.87,-0.01,-0.01,3.0,3.0,3.0,3.0,-0.4882,0.0173,0.0061,-0.0001,-0.37,0.12,35.44,-0.56,-0.59,0.01,3.0,3.0,3.0,3.0,-0.5179,0.0045,-0.0001,-0.0001,0.75,-0.94,41.13,1.59,-0.39,-0.15,2.0,3.0,3.0,3.0,-0.5004,0.0096,-0.0001,-0.0001,-1.19,-0.25,38.81,0.96,2.62,0.27,2.0,3.0,3.0,3.0,-0.6797,-0.0016,0.0131,0.7333,1.56,0.94,41.44,0.43,-0.85,-0.14,3.0,3.0,3.0,3.0
354990.0,-0.0126,-0.0001,-0.0001,-0.0001,1.12,-0.06,-0.06,-0.91,-0.01,-0.01,3.0,3.0,3.0,3.0,-0.0043,-0.0001,-0.0001,-0.0001,1.81,-0.06,-0.06,-0.43,-0.39,-0.14,3.0,3.0,3.0,3.0,-0.0043,-0.0001,-0.0001,-0.0001,1.25,-0.06,-0.06,1.16,0.12,-0.16,2.0,3.0,3.0,3.0,-0.0053,-0.0001,-0.0001,-0.0001,-0.19,-1.12,53.75,0.7,2.76,0.36,2.0,3.0,3.0,3.0,-0.6951,-0.002,0.0137,0.7188,2.75,0.56,55.56,0.78,-0.29,-0.3,3.0,3.0,3.0,3.0
355041.0,-0.5486,0.0348,0.0007,0.8353,0.75,-0.06,-0.06,-1.18,-0.01,-0.01,3.0,3.0,3.0,3.0,-0.5256,0.0172,0.0043,0.8505,0.88,-1.63,65.81,0.01,-0.35,0.38,3.0,3.0,3.0,3.0,-0.5569,0.0178,0.001,0.8304,1.19,-1.25,66.94,0.96,0.28,-0.42,2.0,3.0,3.0,3.0,-0.0133,-0.0001,-0.0001,-0.0001,0.75,-0.06,-0.06,0.12,2.0,-0.03,2.0,3.0,3.0,3.0,-0.7142,-0.0027,0.0141,0.6998,2.56,0.75,68.81,0.72,-0.65,-0.71,3.0,3.0,3.0,3.0
355091.0,-0.5726,0.0351,0.0009,0.819,1.69,-0.06,-0.06,-0.73,-0.01,-0.01,3.0,3.0,3.0,3.0,-0.5502,0.0175,0.0046,0.8348,1.5,-1.25,73.44,0.28,-0.18,-0.14,3.0,3.0,3.0,3.0,-0.5812,0.0179,0.0012,0.8136,1.25,-1.56,73.81,0.6,0.47,-0.19,3.0,3.0,3.0,3.0,-0.0074,-0.0001,-0.0001,-0.0001,0.88,-0.06,-0.06,-0.14,-0.31,-1.5,2.0,3.0,3.0,3.0,-0.735,-0.0034,0.0146,0.6779,3.0,1.12,74.19,0.73,-0.13,0.0,3.0,3.0,3.0,3.0
355140.0,-0.0042,-0.0001,-0.0001,-0.0001,4.38,-0.06,-0.06,-0.07,-0.37,-1.22,3.0,3.0,3.0,3.0,-0.0137,-0.0001,-0.0001,-0.0001,1.31,-0.06,-0.06,0.62,-0.57,-0.11,3.0,3.0,3.0,3.0,-0.0125,-0.0001,-0.0001,-0.0001,1.12,-0.06,-0.06,0.31,0.12,-0.19,3.0,3.0,3.0,3.0,-0.5952,0.0101,-0.0001,-0.0001,-0.63,-0.81,73.56,-0.29,-0.47,-0.28,2.0,3.0,3.0,3.0,-0.7558,-0.0042,0.0153,0.6546,2.75,1.12,72.5,0.93,-0.28,-0.04,3.0,3.0,3.0,3.0
355190.0,-0.0139,-0.0001,-0.0001,-0.0001,2.88,-0.06,-0.06,-0.08,-1.33,0.36,3.0,3.0,3.0,3.0,-0.0068,-0.0001,-0.0001,-0.0001,1.94,-0.06,-0.06,0.8,-0.56,-0.15,3.0,3.0,3.0,3.0,-0.0058,-0.0001,-0.0001,-0.0001,2.13,-0.06,-0.06,0.06,0.22,0.02,3.0,3.0,3.0,3.0,-0.6193,0.0097,-0.0001,-0.0001,2.31,-0.06,-0.06,-0.51,-0.9,0.34,2.0,3.0,3.0,3.0,-0.7749,-0.0038,0.0168,0.6318,3.38,1.88,67.75,0.71,0.22,-0.22,3.0,3.0,3.0,3.0
355240.0,-0.005,-0.0001,-0.0001,-0.0001,1.81,-0.06,-0.06,0.35,-2.25,-0.01,3.0,3.0,3.0,3.0,-0.0138,-0.0001,-0.0001,-0.0001,1.56,-0.06,-0.06,1.15,0.08,-0.1,3.0,3.0,3.0,3.0,-0.6523,0.0176,0.0021,0.7578,1.06,-0.19,61.63,-0.04,0.17,0.01,3.0,3.0,3.0,3.0,-0.641,0.0093,-0.0001,-0.0001,0.75,-0.06,-0.06,-0.73,-1.86,-0.44,2.0,3.0,3.0,3.0,-0.7916,-0.0047,0.017,0.6108,1.37,1.5,56.13,0.41,0.35,-0.42,3.0,3.0,3.0,3.0
355292.0,-0.6641,0.0349,0.0024,-0.0001,1.19,-0.06,-0.06,0.31,-2.06,-0.01,3.0,3.0,3.0,3.0,-0.6418,0.0187,0.0054,0.7666,0.25,0.0,51.75,0.85,-0.21,-0.03,3.0,3.0,3.0,3.0,-0.0131,-0.0001,-0.0001,-0.0001,0.31,-0.12,49.81,-0.43,-0.03,-0.03,3.0,3.0,3.0,3.0,-0.6579,0.009,-0.0001,-0.0001,1.06,-0.06,-0.06,-0.62,-2.21,-0.37,2.0,3.0,3.0,3.0,-0.8046,-0.0052,0.017,0.5936,1.56,0.81,45.38,0.09,-0.11,-0.31,3.0,3.0,3.0,3.0
355342.0,-0.0069,-0.0001,-0.0001,-0.0001,3.19,-0.06,-0.06,0.69,-2.09,-0.01,3.0,3.0,3.0,3.0,-0.657,0.0206,0.007,0.7535,1.19,-0.06,-0.06,0.62,-0.04,-0.19,3.0,3.0,3.0,3.0,-0.6827,0.0165,0.0013,-0.0001,0.94,0.12,35.88,-0.64,0.26,-0.09,3.0,3.0,3.0,3.0,-0.0146,-0.0001,-0.0001,-0.0001,1.88,0.37,37.25,-0.74,-2.13,0.3,2.0,3.0,3.0,3.0,-0.814,-0.0056,0.0175,0.5806,1.37,1.19,33.31,0.64,0.13,-0.05,3.0,3.0,3.0,3.0
355392.0,-0.6893,0.0424,-0.0001,-0.0001,2.06,-0.06,-0.06,0.58,-1.63,-0.32,3.0,3.0,3.0,3.0,-0.6674,0.0233,-0.0001,-0.0001,0.56,0.06,28.06,0.6,0.03,-0.01,3.0,3.0,3.0,3.0,-0.0059,-0.0001,-0.0001,-0.0001,0.75,-0.19,26.25,-0.47,0.07,-0.05,3.0,3.0,3.0,3.0,-0.0077,-0.0001,-0.0001,-0.0001,0.06,-0.06,-0.06,-0.42,-1.78,-0.18,2.0,3.0,3.0,3.0,-0.8208,-0.006,0.0175,0.5709,1.0,-0.12,21.37,0.23,0.11,-0.33,3.0,3.0,3.0,3.0
355441.0,-0.6961,0.0469,-0.0001,-0.0001,2.75,-0.06,-0.06,0.72,-0.01,-0.01,3.0,3.0,3.0,3.0,-0.6737,0.024,-0.0001,-0.0001,0.75,-0.06,-0.06,1.2,0.34,-0.02,3.0,3.0,3.0,3.0,-0.0118,-0.0001,-0.0001,-0.0001,-0.31,-0.81,10.38,-0.57,0.11,-0.03,3.0,3.0,3.0,3.0,-0.6831,0.015,-0.0156,-0.0001,-0.81,-1.0,8.69,-0.74,-3.04,0.57,2.0,3.0,3.0,3.0,-0.8237,-0.0062,0.0177,0.5668,0.06,0.88,2.0,0.36,0.37,-0.33,3.0,3.0,3.0,3.0
355491.0,-0.6974,0.0469,-0.0001,-0.0001,-0.94,0.06,-0.06,0.95,-2.28,-0.01,3.0,3.0,3.0,3.0,-0.6757,0.0259,-0.0001,-0.0001,-0.37,0.25,-0.06,1.01,0.09,0.01,3.0,3.0,3.0,3.0,-0.0132,-0.0001,-0.0001,-0.0001,-0.37,0.44,-7.19,-0.62,0.04,0.01,3.0,3.0,3.0,3.0,-0.6804,0.015,-0.0154,-0.0001,-0.19,0.37,-8.25,-0.53,-2.68,-0.25,2.0,3.0,3.0,3.0,-0.8218,-0.0062,0.0178,0.5695,-0.5,-0.81,-13.69,0.79,0.07,-0.22,3.0,3.0,3.0,3.0
355542.0,-0.0063,-0.0001,-0.0001,-0.0001,-1.06,0.56,-0.06,0.79,-2.34,-0.01,3.0,3.0,3.0,3.0,-0.0152,-0.0001,-0.0001,-0.0001,-0.19,0.69,-0.06,0.65,0.13,-0.17,3.0,3.0,3.0,3.0,-0.6968,0.0123,-0.0001,-0.0001,0.0,0.56,-22.44,-0.39,0.25,0.0,3.0,3.0,3.0,3.0,-0.6728,0.0151,-0.0154,-0.0001,-0.37,0.31,-23.69,-0.34,-1.56,0.04,2.0,3.0,3.0,3.0,-0.8158,-0.0061,0.0176,0.578,-1.06,0.44,-28.5,-0.01,0.32,-0.27,3.0,3.0,3.0,3.0
355592.0,-0.0138,-0.0001,-0.0001,-0.0001,-1.81,1.06,-15.38,0.42,-0.01,-0.01,3.0,3.0,3.0,3.0,-0.0074,-0.0001,-0.0001,-0.0001,-0.69,0.94,-0.06,0.34,-0.06,-0.09,3.0,3.0,3.0,3.0,-0.6883,0.0115,-0.0001,-0.0001,-1.12,0.12,-33.69,-0.25,0.07,-0.19,3.0,3.0,3.0,3.0,-0.0049,-0.0001,-0.0001,-0.0001,-1.19,0.19,-34.75,-0.41,-0.94,0.0,2.0,3.0,3.0,3.0,-0.8073,-0.0057,0.0174,0.5899,-1.5,-1.0,-37.25,0.6,-0.22,-0.2,3.0,3.0,3.0,3.0
355643.0,-0.6744,0.0475,-0.0001,-0.0001,-1.81,1.06,-0.06,0.25,-0.01,-0.01,3.0,3.0,3.0,3.0,-0.6517,0.0302,0.0193,0.7576,-0.37,0.88,-40.13,0.41,-0.07,-0.05,3.0,3.0,3.0,3.0,-0.0048,-0.0001,-0.0001,-0.0001,-0.63,0.56,-40.81,0.21,0.2,0.0,3.0,3.0,3.0,3.0,-0.0069,-0.0001,-0.0001,-0.0001,-0.19,0.31,-41.69,0.04,-0.49,0.15,2.0,3.0,3.0,3.0,-0.7964,-0.0054,0.0171,0.6044,-1.81,-0.69,-43.88,0.44,0.29,-0.21,3.0,3.0,3.0,3.0
355692.0,-0.0046,-0.0001,-0.0001,-0.0001,-0.19,0.75,-13.25,0.24,-0.01,-0.01,3.0,3.0,3.0,3.0,-0.0128,-0.0001,-0.0001,-0.0001,-0.94,0.44,-13.88,0.4,-0.16,-0.03,3.0,3.0,3.0,3.0,-0.0071,-0.0001,-0.0001,-0.0001,-1.69,1.0,-46.13,0.66,0.0,-0.12,3.0,3.0,3.0,3.0,-0.0069,-0.0001,-0.0001,-0.0001,0.12,0.63,-46.88,0.21,0.19,-0.3,2.0,3.0,3.0,3.0,-0.7842,-0.0046,0.0169,0.6202,-2.31,-1.37,-47.5,0.79,-0.28,-0.23,3.0,3.0,3.0,3.0
355742.0,-0.0052,-0.0001,-0.0001,-0.0001,0.12,0.31,-15.44,-0.16,0.51,0.05,3.0,3.0,3.0,3.0,-0.0128,-0.0001,-0.0001,-0.0001,-1.12,0.0,-15.63,-0.13,-0.39,-0.03,3.0,3.0,3.0,3.0,-0.0078,-0.0001,-0.0001,-0.0001,-0.88,1.25,-47.0,0.72,0.03,-0.27,3.0,3.0,3.0,3.0,-0.0067,-0.0001,-0.0001,-0.0001,1.88,0.44,-47.06,0.26,1.18,0.22,2.0,3.0,3.0,3.0,-0.7717,-0.0041,0.0165,0.6357,-1.94,-0.88,-45.63,0.08,-0.24,-0.24,3.0,3.0,3.0,3.0
355792.0,-0.006,-0.0001,-0.0001,-0.0001,-2.94,0.63,-12.5,-0.39,0.29,0.35,3.0,3.0,3.0,3.0,-0.0131,-0.0001,-0.0001,-0.0001,-0.94,0.06,-12.56,-0.32,-0.33,0.03,3.0,3.0,3.0,3.0,-0.6339,0.0128,-0.0001,-0.0001,-1.06,-0.5,-44.13,0.09,0.17,-0.14,3.0,3.0,3.0,3.0,-0.0073,-0.0001,-0.0001,-0.0001,-0.81,-0.31,-44.19,-0.07,1.1,-0.04,2.0,3.0,3.0,3.0,-0.7596,-0.0034,0.0167,0.6501,-1.63,-1.88,-43.19,0.41,-0.15,-0.27,3.0,3.0,3.0,3.0
355843.0,-0.0074,-0.0001,-0.0001,-0.0001,-1.69,0.88,-41.75,-0.76,-0.01,-0.01,3.0,3.0,3.0,3.0,-0.0142,-0.0001,-0.0001,-0.0001,-1.25,0.69,-42.13,-0.53,-0.26,-0.11,3.0,3.0,3.0,3.0,-0.6198,0.0129,-0.0001,-0.0001,-0.63,0.56,-41.31,0.6,-0.03,-0.15,3.0,3.0,3.0,3.0,-0.5861,0.0161,-0.0137,-0.0001,-1.12,-0.31,-40.31,0.1,0.97,-0.13,2.0,3.0,3.0,3.0,-0.748,-0.0024,0.0167,0.6635,-1.88,-1.06,-39.94,-0.12,-0.09,-0.3,3.0,3.0,3.0,3.0
355894.0,-0.6035,0.0473,-0.0001,-0.0001,-1.31,0.06,-0.06,-0.57,0.87,-0.34,3.0,3.0,3.0,3.0,-0.5787,0.0301,0.0196,0.8148,-1.06,-0.69,-6.81,-0.5,-0.21,0.09,3.0,3.0,3.0,3.0,-0.0137,-0.0001,-0.0001,-0.0001,-1.12,0.06,-38.31,0.21,-0.13,-0.07,3.0,3.0,3.0,3.0,-0.5719,0.0151,-0.0118,-0.0001,-2.13,-0.06,-37.69,-0.19,0.49,-0.63,2.0,3.0,3.0,3.0,-0.7369,-0.0016,0.0167,0.6758,-1.75,-0.94,-37.25,0.69,-0.01,-0.01,3.0,3.0,3.0,3.0
355943.0,-0.0128,-0.0001,-0.0001,-0.0001,-1.0,0.31,-0.06,-0.49,0.7,-0.02,3.0,3.0,3.0,3.0,-0.5657,0.0289,0.018,-0.0001,-0.94,0.63,-0.06,-0.34,-0.29,-0.17,3.0,3.0,3.0,3.0,-0.5959,0.0139,0.0001,0.803,-0.19,0.5,-35.63,0.36,-0.01,-0.23,3.0,3.0,3.0,3.0,-0.0122,-0.0001,-0.0001,-0.0001,-0.63,-0.06,-35.56,-0.02,0.72,0.04,2.0,3.0,3.0,3.0,-0.7266,-0.0013,0.0164,0.6869,-1.25,-1.31,-35.13,-0.32,-0.13,-0.34,3.0,3.0,3.0,3.0
355993.0,-0.579,0.0388,0.0004,0.8145,-2.31,1.06,-0.06,-0.49,0.59,-0.32,3.0,3.0,3.0,3.0,-0.006,-0.0001,-0.0001,-0.0001,-0.63,0.12,-0.06,-0.45,-0.18,-0.04,3.0,3.0,3.0,3.0,-0.006,-0.0001,-0.0001,-0.0001,-0.81,-0.12,-33.69,0.06,0.09,-0.04,3.0,3.0,3.0,3.0,-0.547,0.0145,-0.0103,0.837,-0.88,-0.12,-33.31,-0.07,0.68,-0.24,2.0,3.0,3.0,3.0,-0.7164,-0.0008,0.0162,0.6975,-1.56,0.06,-33.06,0.4,-0.01,-0.01,3.0,3.0,3.0,3.0
356044.0,-0.0051,-0.0001,-0.0001,-0.0001,-1.25,1.06,-0.06,-0.33,1.11,-0.4,2.0,3.0,3.0,3.0,-0.5404,0.0272,0.016,-0.0001,-0.88,0.81,-15.69,-0.76,-0.27,0.02,3.0,3.0,3.0,3.0,-0.5726,0.0145,0.0005,0.8198,-0.44,0.63,-30.94,0.55,0.11,-0.07,3.0,3.0,3.0,3.0,-0.0041,-0.0001,-0.0001,-0.0001,-0.5,-0.19,-30.19,0.06,1.56,0.42,3.0,3.0,3.0,3.0,-0.7071,-0.0005,0.0159,0.707,-1.12,-1.12,-29.12,-0.11,-0.32,-0.23,3.0,3.0,3.0,3.0
356094.0,-0.5575,0.0372,0.0004,0.8293,-1.81,0.63,-25.87,-0.84,1.52,0.26,2.0,3.0,3.0,3.0,-0.0145,-0.0001,-0.0001,-0.0001,-0.12,0.25,-24.75,-0.9,-0.18,0.02,3.0,3.0,3.0,3.0,-0.5627,0.0151,0.001,-0.0001,-0.25,-0.12,-23.62,0.21,0.13,-0.11,3.0,3.0,3.0,3.0,-0.5255,0.015,-0.0101,0.8506,0.25,-0.12,-22.56,0.28,1.93,-0.1,3.0,3.0,3.0,3.0,-0.6996,-0.0002,0.0159,0.7144,-0.63,-0.06,-5.75,0.29,-0.01,-0.01,3.0,3.0,3.0,3.0
356145.0,-0.5501,0.0353,0.002,0.8344,-0.25,0.37,-17.81,-0.37,1.26,-0.07,2.0,3.0,3.0,3.0,-0.0065,-0.0001,-0.0001,-0.0001,-0.19,-0.06,-16.75,-0.58,-0.18,-0.05,3.0,3.0,3.0,3.0,-0.5555,0.0167,0.002,0.8313,-0.19,0.5,-16.06,0.41,-0.03,-0.12,3.0,3.0,3.0,3.0,-0.5194,0.0135,-0.0052,0.8544,-0.12,0.06,-15.13,0.36,1.46,0.13,3.0,3.0,3.0,3.0,-0.6944,-0.0001,0.0159,0.7194,-0.37,-0.81,-14.31,0.3,-0.01,-0.01,3.0,3.0,3.0,3.0
356195.0,-0.014,-0.0001,-0.0001,-0.0001,0.0,0.19,-11.0,-0.5,1.54,0.04,2.0,3.0,3.0,3.0,-0.5172,0.0231,-0.0001,-0.0001,-0.12,0.25,-9.94,-0.61,-0.12,0.0,3.0,3.0,3.0,3.0,-0.004,-0.0001,-0.0001,-0.0001,0.06,0.19,-8.88,0.55,-0.01,-0.15,3.0,3.0,3.0,3.0,-0.5161,0.0128,-0.0027,0.8564,0.12,-0.31,-7.63,0.51,1.91,-0.09,3.0,3.0,3.0,3.0,-0.6913,0.0,0.0159,0.7224,-0.31,0.12,-6.44,0.16,-0.22,-0.26,3.0,3.0,3.0,3.0
356244.0,-0.0119,-0.0001,-0.0001,-0.0001,0.0,-0.06,-0.06,-0.59,1.94,0.03,2.0,3.0,3.0,3.0,-0.0146,-0.0001,-0.0001,-0.0001,0.06,-0.06,-0.06,-0.62,-0.18,-0.04,3.0,3.0,3.0,3.0,-0.549,0.0216,0.0047,0.8355,-0.25,-0.37,1.0,0.64,-0.09,-0.15,3.0,3.0,3.0,3.0,-0.5164,0.0128,-0.0027,0.8562,-0.19,-0.19,2.63,0.64,2.07,-0.12,3.0,3.0,3.0,3.0,-0.6913,0.0011,0.0156,0.7224,0.12,-0.37,3.69,0.42,-0.29,-0.19,3.0,3.0,3.0,3.0
356294.0,-0.0135,-0.0001,-0.0001,-0.0001,0.06,-0.06,-0.06,-0.33,1.47,0.0,2.0,3.0,3.0,3.0,-0.0151,-0.0001,-0.0001,-0.0001,0.06,0.25,-0.06,-0.33,-0.12,-0.06,3.0,3.0,3.0,3.0,-0.0049,-0.0001,-0.0001,-0.0001,0.25,-0.06,-0.06,0.62,-0.06,-0.15,3.0,3.0,3.0,3.0,-0.5192,0.0108,0.0059,0.8546,-0.19,-0.06,12.06,0.6,1.61,0.05,3.0,3.0,3.0,3.0,-0.6942,0.0015,0.0156,0.7196,0.37,0.5,13.0,0.27,-0.2,-0.26,3.0,3.0,3.0,3.0
356344.0,-0.5494,0.0184,0.0174,0.8352,0.25,-0.06,-0.06,-0.39,1.28,0.0,2.0,3.0,3.0,3.0,-0.0046,-0.0001,-0.0001,-0.0001,0.12,-0.06,-0.06,-0.46,-0.18,-0.01,3.0,3.0,3.0,3.0,-0.5566,0.0278,0.0077,0.8303,0.12,-0.25,19.75,0.5,-0.05,-0.1,3.0,3.0,3.0,3.0,-0.5256,0.0081,0.0182,0.8505,-0.12,0.12,21.44,0.37,1.66,-0.05,3.0,3.0,3.0,3.0,-0.6999,0.0029,0.0159,0.7141,0.81,0.63,22.19,0.43,-0.22,-0.16,3.0,3.0,3.0,3.0
356395.0,-0.5566,0.0103,-0.0001,-0.0001,1.44,-0.06,-0.06,-0.46,1.34,-0.11,2.0,3.0,3.0,3.0,-0.0129,-0.0001,-0.0001,-0.0001,0.31,-0.06,-0.06,-0.45,-0.18,-0.07,3.0,3.0,3.0,3.0,-0.5651,0.0299,-0.0001,-0.0001,0.69,0.12,29.94,0.5,-0.01,-0.21,3.0,3.0,3.0,3.0,-0.0052,-0.0001,-0.0001,-0.0001,1.0,0.56,32.06,0.26,1.42,0.04,3.0,3.0,3.0,3.0,-0.7079,0.0038,0.0159,0.7061,1.12,0.63,32.75,0.22,-0.32,-0.26,3.0,3.0,3.0,3.0
356444.0,-0.0055,-0.0001,-0.0001,-0.0001,1.63,-0.06,-0.06,-0.47,0.8,0.17,2.0,3.0,3.0,3.0,-0.5407,0.0168,0.004,-0.0001,0.75,-0.06,-0.06,-0.31,-0.22,-0.06,3.0,3.0,3.0,3.0,-0.0151,-0.0001,-0.0001,-0.0001,1.19,-0.06,-0.06,0.32,0.1,-0.19,3.0,3.0,3.0,3.0,-0.0042,-0.0001,-0.0001,-0.0001,1.19,0.19,41.44,-0.02,0.81,-0.19,3.0,3.0,3.0,3.0,-0.7194,0.0046,0.0161,0.6944,2.0,0.63,42.19,0.17,-0.18,-0.25,3.0,3.0,3.0,3.0
356494.0,-0.0057,-0.0001,-0.0001,-0.0001,2.13,-0.06,-0.06,-0.55,0.65,-0.01,2.0,3.0,3.0,3.0,-0.5563,0.0165,0.0035,0.8308,0.94,-0.06,-0.06,-0.24,-0.24,-0.12,3.0,3.0,3.0,3.0,-0.0143,-0.0001,-0.0001,-0.0001,1.12,-0.06,-0.06,0.22,0.09,-0.1,3.0,3.0,3.0,3.0,-0.0065,-0.0001,-0.0001,-0.0001,0.5,0.12,49.0,-0.39,0.42,-0.04,2.0,3.0,3.0,3.0,-0.7328,0.0045,0.0165,0.6802,2.13,0.75,49.25,0.25,-0.07,-0.23,3.0,3.0,3.0,3.0
356545.0,-0.6016,0.0037,0.0316,0.7982,2.31,-0.06,-0.06,-0.2,-0.56,0.04,3.0,3.0,3.0,3.0,-0.5737,0.0165,0.0034,0.8189,0.81,-0.06,-0.06,0.19,-0.01,-0.01,3.0,3.0,3.0,3.0,-0.6094,0.0319,-0.0001,-0.0001,1.19,-0.44,51.25,-0.26,0.32,-0.2,3.0,3.0,3.0,3.0,-0.5889,0.0022,0.0385,0.8073,1.06,1.0,51.56,-0.72,-0.57,0.32,2.0,3.0,3.0,3.0,-0.7477,0.0042,0.0168,0.6638,2.06,1.0,51.56,0.31,-0.08,-0.31,3.0,3.0,3.0,3.0
356595.0,-0.6192,0.004,0.0326,0.7845,1.75,-0.06,-0.06,0.01,-1.12,-0.45,3.0,3.0,3.0,3.0,-0.5912,0.0164,0.0035,-0.0001,1.31,-0.06,-0.06,0.4,-0.01,-0.01,3.0,3.0,3.0,3.0,-0.6263,0.0315,-0.0001,-0.0001,1.69,-0.75,50.38,-0.33,0.33,-0.14,3.0,3.0,3.0,3.0,-0.6063,0.0027,0.0386,0.7943,2.94,0.19,50.0,-0.66,-0.68,0.24,2.0,3.0,3.0,3.0,-0.7617,0.0037,0.0172,0.6476,2.63,0.63,49.63,0.13,-0.1,-0.19,3.0,3.0,3.0,3.0
356644.0,-0.0121,-0.0001,-0.0001,-0.0001,3.06,-0.06,-0.06,-0.02,-1.42,-0.49,3.0,3.0,3.0,3.0,-0.6079,0.0175,0.0043,0.7938,1.88,-0.06,-0.06,0.33,-0.01,-0.01,3.0,3.0,3.0,3.0,-0.6422,0.0302,-0.0001,-0.0001,1.75,-0.06,-0.06,-0.61,0.5,0.07,3.0,3.0,3.0,3.0,-0.014,-0.0001,-0.0001,-0.0001,1.44,0.06,46.56,-0.9,-1.43,-0.19,2.0,3.0,3.0,3.0,-0.7744,0.0032,0.0178,0.6325,2.31,1.31,46.19,0.13,0.31,-0.01,3.0,3.0,3.0,3.0
356696.0,-0.6518,0.0044,0.0353,0.7576,3.63,-0.06,-0.06,0.08,-1.64,-0.25,3.0,3.0,3.0,3.0,-0.6229,0.0186,0.0052,0.7821,1.0,-0.06,-0.06,0.42,0.0,-0.01,3.0,3.0,3.0,3.0,-0.6566,0.0275,-0.0001,-0.0001,0.63,-0.25,41.06,-0.5,0.25,-0.13,3.0,3.0,3.0,3.0,-0.6387,0.0029,0.0397,0.7684,1.63,0.44,41.31,-1.11,-1.64,0.45,2.0,3.0,3.0,3.0,-0.7857,0.0027,0.0178,0.6183,1.44,0.69,-0.06,0.11,-0.01,-0.01,3.0,3.0,3.0,3.0
356747.0,-0.6647,0.0085,0.0327,-0.0001,2.0,-1.19,37.88,0.16,-1.83,0.14,3.0,3.0,3.0,3.0,-0.6359,0.0199,0.0062,0.7715,0.75,-0.06,-0.06,0.46,0.02,-0.25,3.0,3.0,3.0,3.0,-0.0134,-0.0001,-0.0001,-0.0001,0.5,0.31,34.81,-0.56,0.31,-0.03,3.0,3.0,3.0,3.0,-0.6546,0.0037,0.0375,0.7551,2.25,0.37,34.88,-0.89,-1.71,0.29,2.0,3.0,3.0,3.0,-0.7952,0.0023,0.0183,0.606,1.12,0.81,34.06,0.27,0.21,-0.11,3.0,3.0,3.0,3.0
356795.0,-0.6755,0.0129,-0.0001,-0.0001,1.81,-0.06,-0.06,0.37,-1.9,-0.26,3.0,3.0,3.0,3.0,-0.6465,0.0214,0.0076,0.7626,0.63,-0.06,-0.06,0.69,0.14,-0.01,3.0,3.0,3.0,3.0,-0.0077,-0.0001,-0.0001,-0.0001,0.63,0.12,28.87,-0.59,0.25,-0.14,3.0,3.0,3.0,3.0,-0.6627,0.0055,0.032,0.7482,0.37,0.37,27.0,-0.79,-2.0,0.02,2.0,3.0,3.0,3.0,-0.8024,0.0019,0.0189,0.5964,0.81,0.69,26.31,0.15,0.1,-0.01,3.0,3.0,3.0,3.0
356845.0,-0.0118,-0.0001,-0.0001,-0.0001,0.75,-0.06,-0.06,0.42,-1.69,-0.09,3.0,3.0,3.0,3.0,-0.6544,0.0233,0.0093,0.7557,0.44,-0.06,-0.06,0.62,0.08,-0.01,3.0,3.0,3.0,3.0,-0.6876,0.0207,0.0051,0.7258,0.44,0.12,20.25,-0.48,0.09,-0.05,3.0,3.0,3.0,3.0,-0.6709,0.0081,0.0261,0.7411,0.25,0.44,18.37,-0.64,-1.88,0.1,2.0,3.0,3.0,3.0,-0.8077,0.0018,0.0197,0.5892,0.88,0.69,17.56,0.29,0.11,-0.19,3.0,3.0,3.0,3.0
356895.0,-0.6891,0.0366,-0.0001,-0.0001,0.31,-0.06,-0.06,0.56,-1.56,-0.1,3.0,3.0,3.0,3.0,-0.6597,0.0253,0.0115,0.7511,0.37,0.06,-0.06,0.72,0.19,-0.01,3.0,3.0,3.0,3.0,-0.005,-0.0001,-0.0001,-0.0001,0.25,0.0,-0.06,-0.49,0.14,-0.1,3.0,3.0,3.0,3.0,-0.0049,-0.0001,-0.0001,-0.0001,0.06,0.19,8.88,-0.56,-1.85,0.05,2.0,3.0,3.0,3.0,-0.8105,0.0016,0.0204,0.5854,0.5,0.0,8.19,0.26,0.26,-0.01,3.0,3.0,3.0,3.0
356945.0,-0.6912,0.0435,-0.0001,-0.0001,0.19,-0.06,-0.06,0.77,-2.52,-0.04,3.0,3.0,3.0,3.0,-0.6617,0.028,0.0147,0.7491,0.06,0.12,0.63,0.83,0.14,-0.01,3.0,3.0,3.0,3.0,-0.0074,-0.0001,-0.0001,-0.0001,0.12,0.06,-0.06,-0.66,0.02,-0.02,3.0,3.0,3.0,3.0,-0.6775,0.0168,0.0074,0.7353,0.63,-0.06,-3.94,-0.9,-2.34,0.0,2.0,3.0,3.0,3.0,-0.8102,0.0016,0.0216,0.5857,0.0,0.19,-4.88,0.17,0.32,-0.14,3.0,3.0,3.0,3.0
356997.0,-0.6895,0.0433,-0.0001,-0.0001,0.5,0.31,-10.88,0.42,-1.01,-1.35,3.0,3.0,3.0,3.0,-0.6595,0.0292,0.0164,0.7509,-0.44,-0.06,-12.06,0.63,0.15,-0.01,3.0,3.0,3.0,3.0,-0.0049,-0.0001,-0.0001,-0.0001,0.0,0.44,-12.63,-0.45,-0.09,-0.06,3.0,3.0,3.0,3.0,-0.6731,0.0167,0.0076,0.7393,-2.38,-0.31,-14.81,-0.75,-2.13,-0.16,2.0,3.0,3.0,3.0,-0.8071,0.0012,0.022,-0.0001,-0.5,-0.31,-15.38,-0.22,0.02,-0.01,3.0,3.0,3.0,3.0
357047.0,-0.0126,-0.0001,-0.0001,-0.0001,-0.81,0.31,-20.5,0.02,-1.67,0.43,3.0,3.0,3.0,3.0,-0.6537,0.0298,0.0173,0.756,-0.37,0.25,-0.06,0.25,0.03,-0.01,3.0,3.0,3.0,3.0,-0.015,-0.0001,-0.0001,-0.0001,-0.12,0.0,-24.37,-0.46,0.13,-0.12,3.0,3.0,3.0,3.0,-0.6664,0.0181,0.0024,0.7454,-0.37,-0.56,-24.87,-0.75,-1.36,-0.05,3.0,3.0,3.0,3.0,-0.8016,0.0013,0.0222,0.5974,-1.0,-0.69,-25.5,0.07,0.31,-0.01,3.0,3.0,3.0,3.0
357095.0,-0.0044,-0.0001,-0.0001,-0.0001,-1.5,0.37,-13.88,0.0,-1.24,-0.24,3.0,3.0,3.0,3.0,-0.6454,0.0299,0.0179,0.7631,-0.81,0.56,-15.0,0.07,-0.01,-0.01,3.0,3.0,3.0,3.0,-0.0076,-0.0001,-0.0001,-0.0001,-1.0,0.56,-15.75,-0.37,0.02,-0.1,3.0,3.0,3.0,3.0,-0.6588,0.0182,0.0024,0.7521,-2.06,-0.37,-33.81,-0.8,-1.41,0.02,3.0,3.0,3.0,3.0,-0.7934,0.0014,0.0222,-0.0001,-1.37,-0.63,-33.94,-0.22,-0.03,-0.14,3.0,3.0,3.0,3.0
357147.0,-0.6655,0.0492,0.0056,-0.0001,-3.19,1.0,-39.88,-0.15,-1.1,0.25,3.0,3.0,3.0,3.0,-0.6337,0.0298,0.0179,0.7728,-0.69,1.25,-0.06,0.0,-0.01,-0.01,3.0,3.0,3.0,3.0,-0.013,-0.0001,-0.0001,-0.0001,-0.31,0.19,-41.25,-0.21,0.13,-0.16,3.0,3.0,3.0,3.0,-0.6439,0.0203,-0.0083,0.7648,-1.75,-0.88,-41.88,-0.63,-0.84,-0.15,3.0,3.0,3.0,3.0,-0.7831,0.0018,0.0223,0.6215,-1.56,-1.37,-42.13,0.24,0.17,-0.01,3.0,3.0,3.0,3.0
357196.0,-0.6519,0.0535,-0.0001,-0.0001,-4.25,1.44,-45.69,-0.15,-0.45,-0.58,3.0,3.0,3.0,3.0,-0.6193,0.0297,0.0181,0.7844,-1.31,0.88,-14.56,0.19,-0.01,-0.01,3.0,3.0,3.0,3.0,-0.0147,-0.0001,-0.0001,-0.0001,-1.06,-0.44,-46.75,0.06,0.17,-0.14,3.0,3.0,3.0,3.0,-0.6277,0.0214,-0.0103,0.7781,-2.38,-0.88,-48.31,-0.51,-0.24,-0.08,3.0,3.0,3.0,3.0,-0.0051,-0.0001,-0.0001,-0.0001,-2.31,-1.56,-48.38,0.37,0.03,-0.23,3.0,3.0,3.0,3.0
357249.0,-0.6339,0.0543,-0.0001,-0.0001,-2.75,1.19,-51.13,-0.63,0.14,0.63,3.0,3.0,3.0,3.0,-0.6026,0.0296,0.0181,0.7973,-1.37,0.94,-0.06,-0.18,-0.38,-0.08,3.0,3.0,3.0,3.0,-0.014,-0.0001,-0.0001,-0.0001,-1.06,0.69,-51.0,0.38,0.16,-0.02,3.0,3.0,3.0,3.0,-0.6089,0.0222,-0.0104,0.7928,-0.06,-0.12,-51.31,-0.24,0.74,0.2,3.0,3.0,3.0,3.0,-0.7568,0.0032,0.0225,0.6533,-2.44,-0.37,-51.19,-0.01,-0.22,-0.19,3.0,3.0,3.0,3.0
357298.0,-0.0077,-0.0001,-0.0001,-0.0001,-2.38,0.88,-51.0,-0.64,0.9,-0.89,3.0,3.0,3.0,3.0,-0.0068,-0.0001,-0.0001,-0.0001,-1.0,0.19,-0.06,-0.32,-0.19,-0.17,3.0,3.0,3.0,3.0,-0.013,-0.0001,-0.0001,-0.0001,-1.12,1.0,-49.75,0.38,0.12,-0.19,3.0,3.0,3.0,3.0,-0.5899,0.0225,-0.0104,0.8071,-1.25,0.63,-49.81,-0.34,1.29,0.57,3.0,3.0,3.0,3.0,-0.7422,0.0042,0.0224,0.6697,-2.19,-0.88,-49.56,0.44,-0.01,-0.01,3.0,3.0,3.0,3.0
357347.0,-0.0068,-0.0001,-0.0001,-0.0001,-2.69,0.81,-47.69,-0.71,1.03,-0.05,3.0,3.0,3.0,3.0,-0.5666,0.0289,0.0175,0.8233,-1.37,0.5,-15.5,-0.34,-0.29,-0.06,3.0,3.0,3.0,3.0,-0.0128,-0.0001,-0.0001,-0.0001,-1.12,0.88,-46.94,0.35,-0.13,-0.15,3.0,3.0,3.0,3.0,-0.5724,0.0229,-0.0103,0.8196,0.0,-0.06,-46.31,-0.22,1.32,0.54,3.0,3.0,3.0,3.0,-0.7287,0.0047,0.0221,-0.0001,-1.81,-1.56,-13.75,0.03,-0.35,-0.27,3.0,3.0,3.0,3.0
357397.0,-0.007,-0.0001,-0.0001,-0.0001,-2.81,1.12,-44.0,-0.83,0.95,0.24,2.0,3.0,3.0,3.0,-0.5506,0.0279,0.0157,0.8342,-0.5,1.0,-43.5,-0.44,-0.15,-0.04,3.0,3.0,3.0,3.0,-0.0131,-0.0001,-0.0001,-0.0001,-0.31,0.5,-43.19,0.41,0.13,-0.14,3.0,3.0,3.0,3.0,-0.5562,0.0195,-0.0067,0.8309,-0.12,-0.31,-42.56,-0.16,1.05,0.07,3.0,3.0,3.0,3.0,-0.0125,-0.0001,-0.0001,-0.0001,-1.44,-0.5,-42.5,-0.07,0.02,-0.18,3.0,3.0,3.0,3.0
357447.0,-0.5706,0.0518,-0.0001,-0.0001,-2.44,1.06,-40.44,-1.13,1.21,1.07,2.0,3.0,3.0,3.0,-0.5347,0.0267,-0.0001,-0.0001,-0.94,0.37,-0.06,-0.91,-0.01,-0.01,3.0,3.0,3.0,3.0,-0.0148,-0.0001,-0.0001,-0.0001,-0.81,0.37,-38.81,0.56,-0.05,0.0,3.0,3.0,3.0,3.0,-0.5417,0.0198,-0.0065,0.8403,1.75,0.06,-37.5,0.02,2.16,0.57,3.0,3.0,3.0,3.0,-0.7038,0.0057,0.0217,0.71,-1.75,-0.69,-4.88,0.0,-0.35,-0.29,3.0,3.0,3.0,3.0
357497.0,-0.5579,0.0519,0.0001,0.8282,-1.06,0.31,-31.37,-0.85,1.89,-0.57,1.0,3.0,3.0,3.0,-0.5211,0.0266,0.0146,0.853,-0.75,0.25,-0.06,-0.69,-0.01,-0.01,3.0,3.0,3.0,3.0,-0.5651,0.014,0.0007,-0.0001,-0.5,0.44,-31.25,0.77,-0.01,-0.19,3.0,3.0,3.0,3.0,-0.5291,0.02,-0.0065,0.8483,-1.12,0.25,-29.19,0.25,1.89,0.17,3.0,3.0,3.0,3.0,-0.0066,-0.0001,-0.0001,-0.0001,-1.12,-0.81,-13.13,-0.19,-0.19,-0.14,3.0,3.0,3.0,3.0
357548.0,-0.5481,0.0494,0.0018,0.835,-0.5,0.06,-22.75,-0.8,1.81,0.01,1.0,3.0,3.0,3.0,-0.5098,0.0242,0.0119,0.8599,-0.63,0.19,-0.06,-0.67,-0.01,-0.01,3.0,3.0,3.0,3.0,-0.5557,0.0173,0.0026,0.8312,-0.5,0.5,-21.0,0.57,-0.06,-0.17,3.0,3.0,3.0,3.0,-0.5204,0.0179,-0.0007,0.8538,-0.06,0.12,-20.37,0.36,1.87,-0.15,3.0,3.0,3.0,3.0,-0.0151,-0.0001,-0.0001,-0.0001,-0.88,-0.19,-19.94,0.18,-0.33,-0.17,3.0,3.0,3.0,3.0
357597.0,-0.5413,0.0443,0.0056,-0.0001,-0.37,0.19,-13.06,-0.85,2.03,-0.03,1.0,3.0,3.0,3.0,-0.5026,0.0217,0.0093,0.8642,-0.44,0.31,-13.88,-0.74,-0.01,-0.01,3.0,3.0,3.0,3.0,-0.5491,0.0206,0.0042,0.8354,0.06,0.25,-13.0,0.59,-0.05,-0.13,3.0,3.0,3.0,3.0,-0.5159,0.0148,0.0079,0.8564,0.06,-0.06,-10.06,0.4,2.15,0.03,3.0,3.0,3.0,3.0,-0.6828,0.0065,0.0212,-0.0001,-0.37,-0.31,-9.69,0.02,-0.21,-0.2,3.0,3.0,3.0,3.0
357647.0,-0.007,-0.0001,-0.0001,-0.0001,-0.31,-0.19,-4.25,-0.88,1.99,0.07,1.0,3.0,3.0,3.0,-0.4988,0.0182,0.0062,0.8665,-0.12,-0.06,-2.75,-0.7,-0.01,-0.01,3.0,3.0,3.0,3.0,-0.5471,0.0233,0.0056,-0.0001,0.0,-0.06,-0.06,0.61,-0.07,-0.13,3.0,3.0,3.0,3.0,-0.5151,0.0117,0.0165,0.8569,0.12,-0.25,1.06,0.37,1.79,-0.03,3.0,3.0,3.0,3.0,-0.6815,0.0065,0.0212,-0.0001,-0.06,-0.06,1.37,0.11,-0.34,-0.24,3.0,3.0,3.0,3.0
357696.0,-0.0076,-0.0001,-0.0001,-0.0001,0.25,0.06,6.5,-0.53,1.57,0.0,1.0,3.0,3.0,3.0,-0.4993,0.0165,0.0045,0.8662,0.19,-0.25,7.69,-0.39,-0.14,-0.03,3.0,3.0,3.0,3.0,-0.5485,0.0262,0.0068,0.8357,0.31,0.0,-0.06,0.59,-0.04,-0.13,3.0,3.0,3.0,3.0,-0.519,0.0082,0.0286,0.8542,0.06,0.06,11.25,0.41,1.45,-0.01,3.0,3.0,3.0,3.0,-0.0121,-0.0001,-0.0001,-0.0001,0.5,0.31,-0.06,0.39,-0.25,-0.17,3.0,3.0,3.0,3.0
357745.0,-0.543,0.0198,-0.0001,-0.0001,0.31,-0.06,-0.06,-0.48,1.36,-0.04,1.0,3.0,3.0,3.0,-0.505,0.0158,0.0034,0.863,0.25,-0.37,19.94,-0.37,-0.15,-0.03,3.0,3.0,3.0,3.0,-0.0068,-0.0001,-0.0001,-0.0001,0.5,-0.06,-0.06,0.62,-0.01,-0.01,3.0,3.0,3.0,3.0,-0.5254,0.0057,0.0372,0.85,-0.25,0.0,21.5,0.34,1.31,-0.13,3.0,3.0,3.0,3.0,-0.6893,0.0076,0.0209,0.7242,0.88,0.44,21.69,0.13,-0.01,-0.01,3.0,3.0,3.0,3.0
357794.0,-0.5507,0.0112,-0.0001,-0.0001,0.69,-0.06,-0.06,-0.51,1.2,0.02,1.0,3.0,3.0,3.0,-0.5139,0.0152,0.0024,0.8577,0.69,-0.06,30.37,-0.33,-0.2,-0.05,3.0,3.0,3.0,3.0,-0.5622,0.0317,0.0094,0.8264,0.75,-0.06,-0.06,0.51,-0.01,-0.01,3.0,3.0,3.0,3.0,-0.0052,-0.0001,-0.0001,-0.0001,0.81,0.06,32.19,0.15,1.15,0.2,3.0,3.0,3.0,3.0,-0.6978,0.0085,0.0208,0.7159,1.44,0.94,32.19,0.15,-0.01,-0.01,3.0,3.0,3.0,3.0
357844.0,-0.0152,-0.0001,-0.0001,-0.0001,1.56,-0.06,-0.06,-0.46,0.77,0.13,2.0,3.0,3.0,3.0,-0.5267,0.0147,0.0018,0.8499,0.81,-0.31,40.13,-0.2,-0.13,-0.08,3.0,3.0,3.0,3.0,-0.5743,0.0331,0.0104,0.8179,1.0,-0.06,-0.06,0.36,0.08,-0.01,3.0,3.0,3.0,3.0,-0.0046,-0.0001,-0.0001,-0.0001,0.31,-0.06,39.94,-0.06,0.54,-0.35,2.0,3.0,3.0,3.0,-0.7092,0.0087,0.0208,0.7047,1.75,1.0,41.44,0.05,-0.01,-0.01,3.0,3.0,3.0,3.0
357894.0,-0.0142,-0.0001,-0.0001,-0.0001,2.69,-0.06,-0.06,-0.59,0.33,0.21,2.0,3.0,3.0,3.0,-0.5424,0.0146,0.0016,0.84,0.69,-0.56,47.31,-0.15,-0.16,0.01,3.0,3.0,3.0,3.0,-0.5892,0.0336,0.0107,0.8073,0.75,-0.25,46.13,0.19,0.12,-0.01,3.0,3.0,3.0,3.0,-0.0073,-0.0001,-0.0001,-0.0001,0.5,0.0,-0.06,-0.46,-0.14,-0.18,2.0,3.0,3.0,3.0,-0.7227,0.0088,0.0211,0.6907,1.75,1.56,48.25,0.17,-0.01,-0.01,3.0,3.0,3.0,3.0
357944.0,-0.5937,0.0041,0.0372,0.8038,2.63,-0.06,-0.06,-0.28,-0.13,-0.47,2.0,3.0,3.0,3.0,-0.5564,0.0147,0.0016,0.8308,1.31,-0.75,51.56,0.24,-0.27,-0.13,3.0,3.0,3.0,3.0,-0.6058,0.0337,0.0107,0.7949,1.06,-1.06,50.88,0.03,0.12,-0.01,3.0,3.0,3.0,3.0,-0.5889,0.0014,0.054,-0.0001,-0.12,-0.31,51.56,-0.57,-0.58,-0.15,2.0,3.0,3.0,3.0,-0.7373,0.0087,0.0211,0.6752,2.44,0.75,51.63,0.31,-0.22,-0.1,3.0,3.0,3.0,3.0
357993.0,-0.6128,0.0046,0.0383,-0.0001,2.5,-0.06,-0.06,-0.04,-1.36,-0.01,2.0,3.0,3.0,3.0,-0.012,-0.0001,-0.0001,-0.0001,1.5,-1.0,51.38,0.47,-0.02,-0.03,3.0,3.0,3.0,3.0,-0.623,0.0338,0.0108,0.7814,2.0,-0.81,51.63,-0.39,0.44,0.08,3.0,3.0,3.0,3.0,-0.0143,-0.0001,-0.0001,-0.0001,0.88,-0.06,-0.06,-1.06,-1.25,-0.17,1.0,3.0,3.0,3.0,-0.7524,0.0083,0.0215,0.6583,2.38,0.88,50.81,0.04,0.42,-0.2,3.0,3.0,3.0,3.0
358045.0,-0.0047,-0.0001,-0.0001,-0.0001,3.06,-0.06,-0.06,-0.28,-1.42,0.17,2.0,3.0,3.0,3.0,-0.5953,0.0159,0.0027,0.8033,0.44,-0.25,48.13,0.24,-0.04,-0.05,3.0,3.0,3.0,3.0,-0.6391,0.0339,-0.0001,-0.0001,0.5,-0.06,-0.06,-0.58,0.25,-0.01,3.0,3.0,3.0,3.0,-0.627,0.0026,-0.0001,-0.0001,0.56,0.19,47.5,-1.0,-1.64,-0.45,1.0,3.0,3.0,3.0,-0.7657,0.0078,0.0214,0.6428,1.44,1.69,-0.06,-0.34,-0.08,-0.36,3.0,3.0,3.0,3.0
358095.0,-0.0043,-0.0001,-0.0001,-0.0001,5.19,-0.06,-0.06,0.0,-1.53,-0.3,2.0,3.0,3.0,3.0,-0.6108,0.0168,0.0033,0.7916,0.94,-0.75,43.94,0.42,-0.16,0.06,3.0,3.0,3.0,3.0,-0.6542,0.0319,0.0093,0.7556,0.81,-0.06,-0.06,-0.58,0.13,-0.01,3.0,3.0,3.0,3.0,-0.6432,0.003,-0.0001,-0.0001,0.69,-0.25,42.75,-1.09,-1.94,-0.36,1.0,3.0,3.0,3.0,-0.0121,-0.0001,-0.0001,-0.0001,1.94,0.44,-0.06,0.14,0.15,-0.35,3.0,3.0,3.0,3.0
358145.0,-0.6584,0.0058,-0.0001,-0.0001,2.19,-0.06,-0.06,0.34,-2.18,0.21,3.0,3.0,3.0,3.0,-0.6241,0.0182,0.0048,0.7811,1.0,-0.75,36.94,0.86,-0.02,-0.25,3.0,3.0,3.0,3.0,-0.6667,0.0289,0.0085,-0.0001,1.12,-0.06,-0.06,-0.46,0.23,-0.01,3.0,3.0,3.0,3.0,-0.6573,0.0035,-0.0001,-0.0001,1.31,0.56,35.31,-1.1,-2.39,0.38,1.0,3.0,3.0,3.0,-0.7877,0.007,0.0222,0.6157,1.69,0.81,35.38,0.27,0.25,-0.01,3.0,3.0,3.0,3.0
358195.0,-0.0129,-0.0001,-0.0001,-0.0001,1.19,-0.06,-0.06,0.64,-2.5,-0.01,3.0,3.0,3.0,3.0,-0.6327,0.0197,0.0063,0.7741,0.94,0.31,27.87,0.91,0.1,-0.11,3.0,3.0,3.0,3.0,-0.6765,0.0264,0.0076,0.736,0.56,0.12,27.31,-0.54,0.24,-0.01,3.0,3.0,3.0,3.0,-0.0131,-0.0001,-0.0001,-0.0001,-0.19,0.12,28.0,-1.02,-2.68,0.08,1.0,3.0,3.0,3.0,-0.7953,0.0063,0.0236,0.6057,1.06,0.81,-0.06,0.25,0.31,-0.01,3.0,3.0,3.0,3.0
358245.0,-0.677,0.0064,-0.0001,-0.0001,0.56,-0.06,-0.06,0.63,-2.41,-0.01,3.0,3.0,3.0,3.0,-0.6404,0.0233,0.0101,0.7676,0.12,0.25,17.75,0.72,0.13,-0.12,3.0,3.0,3.0,3.0,-0.6834,0.0236,0.0065,0.7296,0.31,0.25,17.19,-0.47,0.2,-0.01,3.0,3.0,3.0,3.0,-0.0056,-0.0001,-0.0001,-0.0001,-0.06,0.37,17.81,-0.8,-2.21,0.0,1.0,3.0,3.0,3.0,-0.7998,0.006,0.025,0.5997,0.37,0.81,16.19,0.11,0.11,-0.01,3.0,3.0,3.0,3.0
358295.0,-0.6823,0.0212,0.0334,-0.0001,0.25,-0.06,-0.06,0.49,-1.97,-0.01,3.0,3.0,3.0,3.0,-0.0043,-0.0001,-0.0001,-0.0001,0.12,-0.12,9.06,0.54,0.03,-0.1,3.0,3.0,3.0,3.0,-0.6877,0.0221,0.0057,0.7256,0.31,0.12,8.5,-0.43,0.09,-0.01,3.0,3.0,3.0,3.0,-0.683,0.0127,0.0361,-0.0001,0.37,0.19,7.5,-0.73,-1.76,0.03,1.0,3.0,3.0,3.0,-0.8021,0.0061,0.0253,0.5966,0.12,0.06,7.38,0.2,0.15,-0.25,3.0,3.0,3.0,3.0
358345.0,-0.0128,-0.0001,-0.0001,-0.0001,0.37,0.06,3.69,0.23,-0.01,-0.01,3.0,3.0,3.0,3.0,-0.6469,0.0268,0.0136,0.762,-0.19,-0.06,1.69,0.24,0.09,-0.09,3.0,3.0,3.0,3.0,-0.689,0.0209,0.005,0.7244,-0.06,0.12,1.56,-0.27,0.12,-0.01,3.0,3.0,3.0,3.0,-0.0128,-0.0001,-0.0001,-0.0001,0.81,0.19,0.69,-0.56,-0.94,0.07,1.0,3.0,3.0,3.0,-0.006,-0.0001,-0.0001,-0.0001,-0.31,0.5,0.75,0.0,0.01,-0.22,3.0,3.0,3.0,3.0
358395.0,-0.0129,-0.0001,-0.0001,-0.0001,0.63,-0.06,-0.06,0.0,-0.01,-0.01,3.0,3.0,3.0,3.0,-0.0068,-0.0001,-0.0001,-0.0001,-0.44,-0.31,-1.69,-0.12,-0.01,-0.05,3.0,3.0,3.0,3.0,-0.689,0.0206,0.0049,0.7245,-0.06,0.19,-0.06,-0.16,0.05,-0.01,3.0,3.0,3.0,3.0,-0.0126,-0.0001,-0.0001,-0.0001,1.12,0.06,-1.75,-0.49,-0.47,0.16,2.0,3.0,3.0,3.0,-0.0056,-0.0001,-0.0001,-0.0001,-0.12,0.0,-0.06,-0.12,-0.05,-0.16,3.0,3.0,3.0,3.0
358446.0,-0.0123,-0.0001,-0.0001,-0.0001,0.63,-0.06,-0.06,-0.27,-0.26,0.07,3.0,3.0,3.0,3.0,-0.0062,-0.0001,-0.0001,-0.0001,-0.31,0.06,-2.44,-0.25,-0.01,-0.04,3.0,3.0,3.0,3.0,-0.6886,0.0204,0.0049,0.7249,0.06,-0.12,-2.38,-0.09,0.04,-0.01,3.0,3.0,3.0,3.0,-0.012,-0.0001,-0.0001,-0.0001,0.31,-0.19,-2.25,-0.5,-0.18,-0.07,2.0,3.0,3.0,3.0,-0.0051,-0.0001,-0.0001,-0.0001,-0.12,0.0,-0.06,-0.19,-0.04,-0.17,3.0,3.0,3.0,3.0
358496.0,-0.6835,0.0278,-0.0001,-0.0001,0.19,0.0,-0.06,-0.43,0.05,-0.01,3.0,3.0,3.0,3.0,-0.0054,-0.0001,-0.0001,-0.0001,-0.12,0.0,-1.5,-0.44,-0.03,-0.05,3.0,3.0,3.0,3.0,-0.6882,0.0203,0.0049,0.7252,0.12,0.19,-0.06,-0.06,0.0,-0.01,3.0,3.0,3.0,3.0,-0.6834,0.0137,-0.0001,-0.0001,0.25,-0.06,-1.25,-0.46,0.21,0.06,2.0,3.0,3.0,3.0,-0.0043,-0.0001,-0.0001,-0.0001,0.0,0.06,-0.06,-0.29,-0.13,-0.21,3.0,3.0,3.0,3.0
358546.0,-0.6832,0.0276,-0.0001,-0.0001,-0.19,0.0,0.0,-0.6,0.3,0.06,3.0,3.0,3.0,3.0,-0.6461,0.0254,0.0125,0.7627,0.12,-0.37,0.94,-0.54,-0.01,-0.04,3.0,3.0,3.0,3.0,-0.6884,0.0203,0.0048,0.725,0.12,0.0,1.12,-0.07,0.01,-0.01,3.0,3.0,3.0,3.0,-0.6833,0.0137,0.0294,0.7294,0.12,-0.06,1.44,-0.44,0.34,0.02,2.0,3.0,3.0,3.0,-0.0042,-0.0001,-0.0001,-0.0001,0.25,-0.06,1.5,-0.29,-0.1,-0.21,3.0,3.0,3.0,3.0
358596.0,-0.0121,-0.0001,-0.0001,-0.0001,-0.12,-0.06,2.81,-0.42,0.02,-0.08,3.0,3.0,3.0,3.0,-0.6468,0.0242,0.0113,0.7622,0.25,0.0,3.5,-0.32,-0.02,-0.07,3.0,3.0,3.0,3.0,-0.6893,0.0202,0.0048,0.7242,0.19,0.0,3.56,-0.12,0.01,-0.01,3.0,3.0,3.0,3.0,-0.6841,0.0117,0.0288,0.7287,-0.25,0.0,3.69,-0.5,-0.17,0.04,2.0,3.0,3.0,3.0,-0.0048,-0.0001,-0.0001,-0.0001,0.31,0.06,3.63,-0.17,-0.02,-0.22,3.0,3.0,3.0,3.0
358646.0,-0.0133,-0.0001,-0.0001,-0.0001,-0.06,-0.12,3.75,-0.21,-0.37,-0.06,3.0,3.0,3.0,3.0,-0.0075,-0.0001,-0.0001,-0.0001,0.19,-0.12,3.69,-0.08,0.01,-0.1,3.0,3.0,3.0,3.0,-0.6912,0.02,0.0046,0.7224,0.12,-0.06,-0.06,-0.19,0.05,-0.01,3.0,3.0,3.0,3.0,-0.0123,-0.0001,-0.0001,-0.0001,-0.12,-0.06,3.13,-0.54,-0.51,0.02,2.0,3.0,3.0,3.0,-0.0057,-0.0001,-0.0001,-0.0001,0.25,0.19,3.5,-0.07,0.03,-0.22,3.0,3.0,3.0,3.0
358696.0,-0.0146,-0.0001,-0.0001,-0.0001,-0.06,-0.12,2.69,-0.13,-0.63,-0.02,3.0,3.0,3.0,3.0,-0.6492,0.0237,0.0108,0.7602,0.0,-0.06,2.06,0.0,0.0,-0.06,3.0,3.0,3.0,3.0,-0.6931,0.0197,0.0045,0.7205,-0.06,0.0,1.94,-0.22,0.03,-0.01,3.0,3.0,3.0,3.0,-0.0124,-0.0001,-0.0001,-0.0001,0.0,0.19,1.44,-0.49,-0.6,0.06,2.0,3.0,3.0,3.0,-0.0063,-0.0001,-0.0001,-0.0001,0.19,-0.06,-0.06,-0.06,0.02,-0.21,3.0,3.0,3.0,3.0
358747.0,-0.6877,0.0276,-0.0001,-0.0001,-0.06,-0.06,0.44,-0.12,-0.53,-0.05,3.0,3.0,3.0,3.0,-0.6497,0.0237,0.0108,0.7598,0.06,0.06,-0.19,-0.04,0.0,-0.08,3.0,3.0,3.0,3.0,-0.6933,0.0193,0.0043,0.7204,0.19,-0.06,-0.06,-0.2,0.06,-0.01,3.0,3.0,3.0,3.0,-0.0127,-0.0001,-0.0001,-0.0001,0.0,0.0,-0.56,-0.42,-0.33,-0.01,3.0,3.0,3.0,3.0,-0.0063,-0.0001,-0.0001,-0.0001,0.12,-0.12,-0.5,-0.08,0.01,-0.21,3.0,3.0,3.0,3.0
358797.0,-0.6876,0.0283,0.0226,0.7252,0.19,-0.06,-0.06,-0.18,-0.19,-0.07,3.0,3.0,3.0,3.0,-0.6495,0.0237,0.0107,0.7599,-0.12,-0.19,-1.31,-0.1,-0.02,-0.07,3.0,3.0,3.0,3.0,-0.6931,0.0191,0.0042,0.7206,0.0,0.06,-0.06,-0.07,0.02,-0.01,3.0,3.0,3.0,3.0,-0.6839,0.0121,0.0197,0.7292,0.12,0.12,-1.44,-0.26,-0.07,-0.01,3.0,3.0,3.0,3.0,-0.006,-0.0001,-0.0001,-0.0001,-0.06,0.12,-1.31,-0.06,-0.05,-0.2,3.0,3.0,3.0,3.0
358847.0,-0.0153,-0.0001,-0.0001,-0.0001,-0.06,-0.06,-1.12,-0.16,-0.02,-0.03,3.0,3.0,3.0,3.0,-0.6488,0.0236,-0.0001,-0.0001,-0.19,-0.06,-0.88,-0.12,0.0,-0.06,3.0,3.0,3.0,3.0,-0.6927,0.019,0.0042,0.7209,0.06,0.0,-0.06,0.03,0.04,-0.01,3.0,3.0,3.0,3.0,-0.6824,0.0118,0.0193,0.7306,0.0,0.19,-0.81,-0.17,0.06,0.04,3.0,3.0,3.0,3.0,-0.0052,-0.0001,-0.0001,-0.0001,-0.06,0.0,-0.56,0.0,-0.01,-0.21,3.0,3.0,3.0,3.0
358896.0,-0.0151,-0.0001,-0.0001,-0.0001,-0.19,-0.06,-0.5,-0.13,0.01,-0.01,3.0,3.0,3.0,3.0,-0.0078,-0.0001,-0.0001,-0.0001,0.0,0.0,-0.06,-0.02,-0.03,-0.04,3.0,3.0,3.0,3.0,-0.6924,0.0191,0.0043,0.7212,0.12,0.06,-0.06,0.1,0.01,-0.01,3.0,3.0,3.0,3.0,-0.6813,0.0117,0.0192,0.7317,-0.19,0.0,-0.06,-0.1,-0.04,0.0,3.0,3.0,3.0,3.0,-0.0052,-0.0001,-0.0001,-0.0001,-0.19,-0.12,-0.12,0.06,-0.07,-0.23,3.0,3.0,3.0,3.0
358946.0,-0.6874,0.0281,0.0219,0.7254,-0.19,0.12,0.19,-0.03,-0.13,-0.06,3.0,3.0,3.0,3.0,-0.6491,0.0236,-0.0001,-0.0001,0.0,-0.12,0.19,0.1,-0.01,-0.08,3.0,3.0,3.0,3.0,-0.6926,0.0192,0.0043,0.721,0.12,0.0,0.19,0.1,0.04,-0.01,3.0,3.0,3.0,3.0,-0.6812,0.0117,0.019,0.7318,0.0,-0.12,0.0,-0.09,-0.15,0.0,3.0,3.0,3.0,3.0,-0.005,-0.0001,-0.0001,-0.0001,-0.06,0.0,0.06,0.13,0.01,-0.22,3.0,3.0,3.0,3.0
358996.0,-0.6878,0.0283,0.0218,0.725,0.0,0.0,-0.06,0.01,-0.01,-0.01,3.0,3.0,3.0,3.0,-0.6493,0.0236,-0.0001,-0.0001,-0.06,0.12,-0.06,0.08,0.0,-0.08,3.0,3.0,3.0,3.0,-0.6927,0.0192,0.0045,0.7209,0.0,0.31,-0.06,0.1,0.02,-0.01,3.0,3.0,3.0,3.0,-0.6807,0.0117,0.0187,0.7322,0.0,0.06,-0.31,-0.08,-0.13,-0.01,3.0,3.0,3.0,3.0,-0.0049,-0.0001,-0.0001,-0.0001,0.06,-0.12,-0.19,0.1,-0.07,-0.24,3.0,3.0,3.0,3.0
359047.0,-0.6888,0.0283,0.0217,0.7241,-0.06,0.12,-0.06,-0.08,-0.08,-0.06,3.0,3.0,3.0,3.0,-0.6496,0.0236,-0.0001,-0.0001,-0.06,0.12,-0.12,0.0,0.01,-0.05,3.0,3.0,3.0,3.0,-0.6929,0.0192,0.0045,0.7208,0.12,0.06,-0.06,0.07,0.02,-0.01,3.0,3.0,3.0,3.0,-0.0078,-0.0001,-0.0001,-0.0001,0.0,0.06,-0.12,-0.12,-0.05,-0.02,3.0,3.0,3.0,3.0,-0.0049,-0.0001,-0.0001,-0.0001,0.12,0.12,-0.06,0.02,-0.01,-0.25,3.0,3.0,3.0,3.0
359097.0,-0.6891,0.0283,0.0216,0.7238,0.0,0.06,0.0,-0.11,-0.06,-0.08,3.0,3.0,3.0,3.0,-0.6495,0.0236,-0.0001,-0.0001,0.06,-0.12,0.06,-0.06,0.0,-0.05,3.0,3.0,3.0,3.0,-0.6931,0.0193,0.0046,0.7206,0.06,0.06,0.19,0.03,0.03,-0.01,3.0,3.0,3.0,3.0,-0.6791,0.0116,0.0183,0.7338,0.19,-0.06,0.25,-0.2,-0.07,0.0,3.0,3.0,3.0,3.0,-0.0047,-0.0001,-0.0001,-0.0001,0.06,0.19,0.37,0.0,-0.05,-0.21,3.0,3.0,3.0,3.0
359147.0,-0.6891,0.0283,0.0214,0.7238,0.0,-0.06,-0.06,-0.12,-0.13,-0.09,3.0,3.0,3.0,3.0,-0.6495,0.0236,-0.0001,-0.0001,0.0,-0.06,0.37,-0.04,0.02,-0.07,3.0,3.0,3.0,3.0,-0.6935,0.0193,0.0046,0.7202,0.12,-0.06,-0.06,0.0,0.04,-0.01,3.0,3.0,3.0,3.0,-0.0066,-0.0001,-0.0001,-0.0001,0.06,0.0,0.37,-0.22,-0.14,0.0,3.0,3.0,3.0,3.0,-0.0045,-0.0001,-0.0001,-0.0001,0.0,0.06,0.31,-0.01,0.01,-0.24,3.0,3.0,3.0,3.0
359197.0,-0.6894,0.0283,0.021,0.7235,-0.19,-0.06,0.19,-0.1,-0.2,-0.04,3.0,3.0,3.0,3.0,-0.6495,0.0236,-0.0001,-0.0001,-0.06,-0.06,0.19,-0.03,0.0,-0.05,3.0,3.0,3.0,3.0,-0.6936,0.0192,0.0046,0.7201,-0.06,0.0,-0.06,-0.01,0.04,-0.01,3.0,3.0,3.0,3.0,-0.6785,0.0114,0.0174,0.7343,0.12,0.0,0.0,-0.21,-0.14,0.0,3.0,3.0,3.0,3.0,-0.0047,-0.0001,-0.0001,-0.0001,0.0,-0.12,-0.19,0.0,-0.02,-0.22,3.0,3.0,3.0,3.0
359247.0,-0.6902,0.0284,0.0207,0.7227,0.0,0.06,-0.06,-0.11,-0.15,-0.06,3.0,3.0,3.0,3.0,-0.6495,0.0236,-0.0001,-0.0001,-0.12,0.12,-0.12,-0.04,0.0,-0.05,3.0,3.0,3.0,3.0,-0.6946,0.0192,0.0047,0.7191,-0.06,0.0,-0.06,0.01,0.04,-0.01,3.0,3.0,3.0,3.0,-0.678,0.0113,0.0169,0.7348,0.0,-0.06,-0.25,-0.16,-0.05,0.01,3.0,3.0,3.0,3.0,-0.0042,-0.0001,-0.0001,-0.0001,0.19,-0.12,-0.19,0.0,-0.01,-0.22,3.0,3.0,3.0,3.0
359298.0,-0.691,0.0284,0.0205,0.722,0.0,0.0,-0.06,-0.11,-0.04,-0.07,3.0,3.0,3.0,3.0,-0.6503,0.0236,-0.0001,-0.0001,0.06,-0.06,-0.06,-0.04,-0.01,-0.06,3.0,3.0,3.0,3.0,-0.6956,0.0192,0.0047,0.7181,-0.12,0.0,-0.19,0.05,0.02,-0.01,3.0,3.0,3.0,3.0,-0.0057,-0.0001,-0.0001,-0.0001,-0.06,-0.06,-0.06,-0.13,-0.03,-0.01,3.0,3.0,3.0,3.0,-0.0042,-0.0001,-0.0001,-0.0001,0.12,-0.06,0.0,0.04,-0.04,-0.21,3.0,3.0,3.0,3.0
359348.0,-0.6912,0.0283,0.0204,0.7218,-0.06,-0.06,0.12,-0.06,-0.1,-0.08,3.0,3.0,3.0,3.0,-0.6503,0.0236,-0.0001,-0.0001,-0.12,0.19,0.06,0.0,0.0,-0.08,3.0,3.0,3.0,3.0,-0.697,0.0192,0.0048,0.7169,0.19,0.06,0.06,0.05,0.05,-0.01,3.0,3.0,3.0,3.0,-0.6775,0.0111,0.0165,0.7353,-0.19,0.12,0.19,-0.12,-0.09,-0.01,3.0,3.0,3.0,3.0,-0.0042,-0.0001,-0.0001,-0.0001,0.12,-0.06,0.06,0.04,-0.01,-0.23,3.0,3.0,3.0,3.0
359398.0,-0.6912,0.0284,0.0203,0.7218,-0.19,-0.12,0.06,-0.06,-0.12,-0.06,3.0,3.0,3.0,3.0,-0.6505,0.0236,-0.0001,-0.0001,-0.06,0.06,0.06,-0.01,-0.01,-0.07,3.0,3.0,3.0,3.0,-0.697,0.0192,0.0048,0.7168,0.06,0.19,0.0,0.03,0.02,-0.01,3.0,3.0,3.0,3.0,-0.6775,0.0111,0.0162,0.7352,0.0,-0.06,0.0,-0.13,-0.08,0.0,3.0,3.0,3.0,3.0,-0.801,0.0058,0.0236,0.5982,0.06,-0.06,0.12,0.03,-0.01,-0.23,3.0,3.0,3.0,3.0
359448.0,-0.6911,0.0284,0.0201,0.7219,-0.06,0.06,-0.06,-0.09,-0.1,-0.04,3.0,3.0,3.0,3.0,-0.6505,0.0236,-0.0001,-0.0001,0.0,0.06,0.06,-0.05,-0.01,-0.08,3.0,3.0,3.0,3.0,-0.697,0.0192,0.0049,0.7169,0.0,-0.06,0.0,0.02,0.03,-0.01,3.0,3.0,3.0,3.0,-0.6774,0.011,0.0161,0.7353,0.0,-0.12,-0.06,-0.15,-0.07,-0.01,3.0,3.0,3.0,3.0,-0.8008,0.0058,0.0236,0.5984,-0.06,0.0,0.12,0.01,-0.02,-0.22,3.0,3.0,3.0,3.0
359498.0,-0.6911,0.0284,0.02,0.7219,0.06,0.06,0.12,-0.09,-0.08,-0.06,3.0,3.0,3.0,3.0,-0.6505,0.0235,-0.0001,-0.0001,0.0,-0.06,-0.06,-0.04,-0.01,-0.05,3.0,3.0,3.0,3.0,-0.697,0.0192,0.0049,0.7168,0.12,0.06,0.06,0.01,0.04,-0.01,3.0,3.0,3.0,3.0,-0.677,0.011,0.0159,0.7357,-0.06,-0.06,0.06,-0.12,-0.09,-0.01,3.0,3.0,3.0,3.0,-0.8005,0.0058,0.0236,0.5989,-0.12,-0.19,0.19,0.0,-0.03,-0.22,3.0,3.0,3.0,3.0
359548.0,-0.6911,0.0284,0.0198,0.7219,0.0,0.0,0.0,-0.07,-0.11,-0.08,3.0,3.0,3.0,3.0,-0.6503,0.0235,-0.0001,-0.0001,-0.06,0.12,-0.06,-0.04,0.0,-0.07,3.0,3.0,3.0,3.0,-0.697,0.0192,0.0049,0.7169,-0.06,-0.06,0.12,0.03,0.04,-0.01,3.0,3.0,3.0,3.0,-0.6769,0.0109,0.0156,0.7358,-0.06,0.0,0.0,-0.14,-0.09,-0.02,3.0,3.0,3.0,3.0,-0.8005,0.0059,0.0236,0.5989,0.06,0.0,0.06,0.03,-0.02,-0.22,3.0,3.0,3.0,3.0
359599.0,-0.6909,0.0284,0.0196,0.7221,-0.06,-0.06,-0.06,-0.06,-0.1,-0.07,3.0,3.0,3.0,3.0,-0.6503,0.0235,-0.0001,-0.0001,0.0,-0.06,-0.06,-0.02,0.02,-0.06,3.0,3.0,3.0,3.0,-0.697,0.0192,0.0049,0.7168,0.06,0.12,-0.06,0.03,0.01,-0.01,3.0,3.0,3.0,3.0,-0.6766,0.0109,0.0154,0.7361,0.06,0.0,-0.06,-0.11,-0.07,-0.02,3.0,3.0,3.0,3.0,-0.8002,0.0059,0.0236,0.5992,-0.06,0.06,-0.19,0.03,-0.02,-0.23,3.0,3.0,3.0,3.0
359648.0,-0.6909,0.0285,0.0195,0.7222,0.06,-0.06,-0.06,-0.08,-0.06,-0.08,3.0,3.0,3.0,3.0,-0.6508,0.0235,-0.0001,-0.0001,0.0,-0.06,-0.06,-0.03,0.0,-0.05,3.0,3.0,3.0,3.0,-0.6978,0.0192,0.0049,0.716,0.0,0.0,0.0,0.03,0.03,-0.01,3.0,3.0,3.0,3.0,-0.6765,0.0108,0.0153,0.7362,-0.06,-0.06,0.0,-0.12,-0.05,-0.03,3.0,3.0,3.0,3.0,-0.8002,0.0059,0.0236,0.5992,0.12,-0.12,0.12,0.03,-0.03,-0.21,3.0,3.0,3.0,3.0
359698.0,-0.6909,0.0285,0.0193,0.7222,0.06,0.06,0.0,-0.09,-0.09,-0.05,3.0,3.0,3.0,3.0,-0.6506,0.0235,-0.0001,-0.0001,0.06,0.12,-0.06,-0.03,0.0,-0.06,3.0,3.0,3.0,3.0,-0.6986,0.0192,0.005,0.7153,-0.12,0.19,0.06,0.03,0.01,-0.01,3.0,3.0,3.0,3.0,-0.6758,0.0108,0.0152,0.7368,-0.06,0.19,-0.12,-0.12,-0.05,0.0,3.0,3.0,3.0,3.0,-0.8002,0.0059,0.0236,0.5993,0.06,0.12,0.0,0.03,-0.02,-0.23,3.0,3.0,3.0,3.0
359748.0,-0.6907,0.0285,0.0192,0.7223,0.06,0.06,0.0,-0.07,-0.11,-0.04,3.0,3.0,3.0,3.0,-0.6506,0.0235,-0.0001,-0.0001,0.0,-0.06,-0.06,0.0,0.01,-0.01,3.0,3.0,3.0,3.0,-0.6986,0.0192,0.005,0.7152,0.0,0.06,0.06,0.01,0.02,-0.01,3.0,3.0,3.0,3.0,-0.6758,0.0107,0.015,0.7368,0.12,0.0,-0.12,-0.12,-0.06,-0.02,3.0,3.0,3.0,3.0,-0.8002,0.0059,0.0236,0.5993,0.06,-0.06,0.0,0.02,-0.03,-0.21,3.0,3.0,3.0,3.0
359798.0,-0.6907,0.0285,0.0191,0.7223,0.06,-0.06,-0.06,-0.08,-0.07,-0.06,3.0,3.0,3.0,3.0,-0.6506,0.0235,-0.0001,-0.0001,0.06,0.06,-0.06,-0.03,0.0,-0.01,3.0,3.0,3.0,3.0,-0.6993,0.0192,0.005,0.7145,-0.06,0.12,-0.06,0.03,0.03,-0.01,3.0,3.0,3.0,3.0,-0.6757,0.0107,0.0148,0.7369,0.12,0.0,-0.19,-0.12,-0.06,-0.03,3.0,3.0,3.0,3.0,-0.8002,0.0059,0.0236,0.5993,-0.06,0.06,-0.06,0.02,-0.02,-0.23,3.0,3.0,3.0,3.0
359848.0,-0.6907,0.0285,0.019,0.7223,0.0,-0.06,-0.06,-0.07,-0.08,-0.07,3.0,3.0,3.0,3.0,-0.6505,0.0235,-0.0001,-0.0001,0.0,-0.06,-0.06,-0.02,0.01,-0.01,3.0,3.0,3.0,3.0,-0.6993,0.0192,0.005,0.7145,0.0,0.12,0.0,0.03,0.02,-0.01,3.0,3.0,3.0,3.0,-0.6757,0.0106,0.0146,0.7369,-0.12,-0.12,-0.06,-0.12,-0.06,-0.01,3.0,3.0,3.0,3.0,-0.7998,0.0059,0.0236,0.5998,-0.12,0.0,0.06,0.01,-0.02,-0.22,3.0,3.0,3.0,3.0
359899.0,-0.6909,0.0285,0.019,0.7222,0.12,0.0,-0.06,-0.07,-0.1,-0.07,3.0,3.0,3.0,3.0,-0.6504,0.0235,-0.0001,-0.0001,0.12,-0.06,-0.06,-0.04,0.0,-0.01,3.0,3.0,3.0,3.0,-0.6993,0.0192,0.005,0.7146,0.0,0.06,0.06,0.03,0.03,-0.01,3.0,3.0,3.0,3.0,-0.6758,0.0106,0.0145,0.7369,-0.19,0.0,-0.12,-0.09,-0.06,-0.02,3.0,3.0,3.0,3.0,-0.7999,0.0059,0.0236,0.5996,0.12,0.0,0.06,0.04,-0.02,-0.22,3.0,3.0,3.0,3.0
359948.0,-0.6907,0.0285,0.019,0.7223,0.0,0.0,-0.06,-0.05,-0.08,-0.05,3.0,3.0,3.0,3.0,-0.6504,0.0235,-0.0001,-0.0001,0.06,0.0,-0.06,-0.01,0.01,-0.01,3.0,3.0,3.0,3.0,-0.6993,0.0192,0.005,0.7146,0.0,0.19,0.06,0.02,0.02,-0.01,3.0,3.0,3.0,3.0,-0.6758,0.0106,-0.0001,-0.0001,0.06,-0.12,-0.12,-0.11,-0.06,0.0,3.0,3.0,3.0,3.0,-0.7999,0.0059,0.0236,0.5996,0.0,0.0,-0.06,0.0,-0.02,-0.23,3.0,3.0,3.0,3.0
359998.0,-0.6909,0.0285,0.019,0.7222,0.0,0.0,0.0,-0.08,-0.08,-0.05,3.0,3.0,3.0,3.0,-0.6501,0.0235,0.0107,0.7594,-0.06,0.0,-0.06,-0.01,0.0,-0.01,3.0,3.0,3.0,3.0,-0.6995,0.0192,0.005,0.7144,0.0,0.0,0.0,0.01,0.02,-0.09,3.0,3.0,3.0,3.0,-0.6748,0.0105,-0.0001,-0.0001,0.06,-0.25,0.0,-0.12,-0.04,-0.02,3.0,3.0,3.0,3.0,-0.7998,0.0059,0.0236,0.5998,0.06,0.12,-0.06,0.01,-0.02,-0.22,3.0,3.0,3.0,3.0
360046.0,-0.6907,0.0285,0.019,0.7223,0.06,0.12,0.0,-0.07,-0.09,-0.09,3.0,3.0,3.0,3.0,-0.6504,0.0235,0.0107,0.7592,0.0,0.0,-0.06,-0.03,0.0,-0.01,3.0,3.0,3.0,3.0,-0.0121,-0.0001,-0.0001,-0.0001,0.0,0.0,0.0,0.01,0.03,-0.12,3.0,3.0,3.0,3.0,-0.6747,0.0105,-0.0001,-0.0001,-0.12,0.0,-0.06,-0.09,-0.05,0.0,3.0,3.0,3.0,3.0,-0.7997,0.0059,-0.0001,-0.0001,0.06,-0.06,0.0,0.01,-0.04,-0.21,3.0,3.0,3.0,3.0
360092.0,-0.6909,0.0285,0.019,0.7222,-0.06,-0.06,-0.06,-0.07,-0.07,-0.05,3.0,3.0,3.0,3.0,-0.6503,0.0235,0.0107,0.7593,-0.12,-0.12,-0.12,0.0,0.0,-0.05,3.0,3.0,3.0,3.0,-0.0121,-0.0001,-0.0001,-0.0001,0.06,0.19,0.0,0.0,0.02,-0.14,3.0,3.0,3.0,3.0,-0.6747,0.0104,-0.0001,-0.0001,0.06,-0.06,-0.06,-0.1,-0.03,0.01,3.0,3.0,3.0,3.0,-0.7997,0.0059,-0.0001,-0.0001,0.19,0.06,0.0,0.01,-0.03,-0.23,3.0,3.0,3.0,3.0
360142.0,-0.691,0.0285,0.019,0.722,0.06,0.0,0.0,-0.09,-0.08,-0.08,3.0,3.0,3.0,3.0,-0.6504,0.0235,0.0107,0.7592,0.06,0.0,-0.12,-0.02,0.0,-0.07,3.0,3.0,3.0,3.0,-0.012,-0.0001,-0.0001,-0.0001,0.0,0.0,0.19,0.01,0.03,-0.11,3.0,3.0,3.0,3.0,-0.6746,0.0104,0.0139,0.7379,0.12,-0.06,-0.06,-0.1,-0.09,-0.04,3.0,3.0,3.0,3.0,-0.7997,0.0059,-0.0001,-0.0001,0.0,-0.12,-0.06,0.02,-0.02,-0.23,3.0,3.0,3.0,3.0
360193.0,-0.6909,0.0285,0.019,0.7222,0.0,-0.06,0.12,-0.06,-0.07,-0.09,3.0,3.0,3.0,3.0,-0.6505,0.0235,0.0107,0.759,-0.12,0.0,0.0,-0.01,0.0,-0.05,3.0,3.0,3.0,3.0,-0.012,-0.0001,-0.0001,-0.0001,-0.06,0.0,0.06,0.03,0.04,-0.11,3.0,3.0,3.0,3.0,-0.6746,0.0104,0.0138,0.738,-0.06,0.12,0.06,-0.09,-0.05,-0.03,3.0,3.0,3.0,3.0,-0.7997,0.0059,-0.0001,-0.0001,-0.06,0.0,0.0,0.02,0.0,-0.19,3.0,3.0,3.0,3.0
360243.0,-0.6907,0.0285,0.019,0.7223,0.06,0.12,-0.06,-0.08,-0.09,-0.03,3.0,3.0,3.0,3.0,-0.6506,0.0235,0.0107,0.759,-0.06,-0.06,0.0,-0.01,-0.01,-0.07,3.0,3.0,3.0,3.0,-0.0121,-0.0001,-0.0001,-0.0001,0.0,-0.06,-0.06,0.0,0.02,-0.01,3.0,3.0,3.0,3.0,-0.6745,0.0104,-0.0001,-0.0001,-0.06,0.06,0.0,-0.09,-0.05,-0.03,3.0,3.0,3.0,3.0,-0.7998,0.0059,-0.0001,-0.0001,0.12,-0.12,-0.06,0.01,-0.01,-0.22,3.0,3.0,3.0,3.0
360293.0,-0.6907,0.0285,0.019,0.7224,0.06,0.06,0.0,-0.08,-0.08,-0.06,3.0,3.0,3.0,3.0,-0.6505,0.0235,-0.0001,-0.0001,0.06,0.0,0.0,-0.01,0.0,-0.06,3.0,3.0,3.0,3.0,-0.0121,-0.0001,-0.0001,-0.0001,0.0,-0.06,-0.06,0.02,0.03,-0.01,3.0,3.0,3.0,3.0,-0.6741,0.0104,-0.0001,-0.0001,0.12,0.06,0.12,-0.1,-0.03,0.0,3.0,3.0,3.0,3.0,-0.7998,0.0059,-0.0001,-0.0001,0.0,0.0,0.0,0.04,-0.01,-0.21,3.0,3.0,3.0,3.0
360342.0,-0.6909,0.0285,0.019,0.7222,0.0,0.12,0.06,-0.08,-0.08,-0.08,3.0,3.0,3.0,3.0,-0.6504,0.0235,-0.0001,-0.0001,0.0,0.0,0.0,-0.01,0.0,-0.05,3.0,3.0,3.0,3.0,-0.0123,-0.0001,-0.0001,-0.0001,0.06,-0.06,-0.06,0.01,0.04,-0.01,3.0,3.0,3.0,3.0,-0.6741,0.0104,-0.0001,-0.0001,0.12,0.12,0.06,-0.09,-0.05,-0.02,3.0,3.0,3.0,3.0,-0.7997,0.0059,-0.0001,-0.0001,0.0,0.0,0.06,0.0,-0.03,-0.23,3.0,3.0,3.0,3.0
360392.0,-0.6915,0.0285,0.0191,0.7216,0.0,0.06,0.0,-0.07,-0.07,-0.07,3.0,3.0,3.0,3.0,-0.6505,0.0235,-0.0001,-0.0001,-0.12,0.37,-0.19,-0.02,-0.01,-0.05,3.0,3.0,3.0,3.0,-0.0125,-0.0001,-0.0001,-0.0001,-0.06,-0.06,-0.06,0.01,0.01,-0.01,3.0,3.0,3.0,3.0,-0.6735,0.0104,-0.0001,-0.0001,0.12,-0.06,-0.06,-0.1,-0.05,0.0,3.0,3.0,3.0,3.0,-0.7997,0.0059,-0.0001,-0.0001,0.0,0.0,-0.06,0.02,0.0,-0.22,3.0,3.0,3.0,3.0
360442.0,-0.6915,0.0285,0.0191,0.7216,0.0,0.0,0.0,-0.08,-0.09,-0.08,3.0,3.0,3.0,3.0,-0.6508,0.0235,-0.0001,-0.0001,-0.06,0.0,0.06,-0.01,0.0,-0.06,3.0,3.0,3.0,3.0,-0.0126,-0.0001,-0.0001,-0.0001,-0.19,-0.12,0.12,0.02,0.03,-0.01,3.0,3.0,3.0,3.0,-0.6735,0.0104,-0.0001,-0.0001,0.06,-0.06,-0.06,-0.09,-0.05,-0.01,3.0,3.0,3.0,3.0,-0.7997,0.0059,-0.0001,-0.0001,-0.12,-0.06,0.06,0.03,-0.02,-0.24,3.0,3.0,3.0,3.0
360493.0,-0.6917,0.0285,0.0191,0.7214,-0.06,-0.12,0.06,-0.08,-0.08,-0.08,3.0,3.0,3.0,3.0,-0.6506,0.0235,-0.0001,-0.0001,-0.06,0.12,-0.06,-0.02,0.0,-0.04,3.0,3.0,3.0,3.0,-0.0132,-0.0001,-0.0001,-0.0001,0.06,-0.06,-0.06,0.01,0.03,-0.01,3.0,3.0,3.0,3.0,-0.6729,0.0104,-0.0001,-0.0001,0.06,0.12,-0.06,-0.1,-0.04,-0.02,3.0,3.0,3.0,3.0,-0.7997,0.0059,-0.0001,-0.0001,-0.06,0.0,0.0,0.01,-0.01,-0.23,3.0,3.0,3.0,3.0
360543.0,-0.6918,0.0285,0.0191,0.7213,0.06,0.0,0.0,-0.07,-0.08,-0.08,3.0,3.0,3.0,3.0,-0.6505,0.0235,-0.0001,-0.0001,0.0,0.0,0.06,-0.02,0.01,-0.07,3.0,3.0,3.0,3.0,-0.0132,-0.0001,-0.0001,-0.0001,0.0,0.0,0.0,0.01,0.03,-0.01,3.0,3.0,3.0,3.0,-0.6729,0.0104,-0.0001,-0.0001,0.06,0.06,-0.06,-0.09,-0.05,-0.01,3.0,3.0,3.0,3.0,-0.7997,0.0059,-0.0001,-0.0001,0.0,-0.12,-0.06,0.03,-0.01,-0.23,3.0,3.0,3.0,3.0
360593.0,-0.6918,0.0285,0.0191,0.7213,0.06,0.0,0.06,-0.06,-0.06,-0.07,3.0,3.0,3.0,3.0,-0.6505,0.0235,-0.0001,-0.0001,-0.06,0.06,-0.12,0.0,0.0,-0.06,3.0,3.0,3.0,3.0,-0.0133,-0.0001,-0.0001,-0.0001,-0.06,0.12,0.12,0.03,0.03,-0.1,3.0,3.0,3.0,3.0,-0.6729,0.0104,-0.0001,-0.0001,0.0,0.19,0.0,-0.09,-0.05,-0.01,3.0,3.0,3.0,3.0,-0.7997,0.0059,0.0236,0.5999,0.06,0.12,0.0,0.01,-0.04,-0.21,3.0,3.0,3.0,3.0
360644.0,-0.6917,0.0285,0.0191,0.7213,-0.06,0.0,0.0,-0.07,-0.09,-0.05,3.0,3.0,3.0,3.0,-0.6505,0.0235,-0.0001,-0.0001,-0.06,-0.06,0.12,-0.02,-0.01,-0.06,3.0,3.0,3.0,3.0,-0.0135,-0.0001,-0.0001,-0.0001,-0.06,0.12,0.12,0.01,0.02,-0.13,3.0,3.0,3.0,3.0,-0.6724,0.0104,-0.0001,-0.0001,0.0,-0.06,-0.06,-0.09,-0.05,-0.01,3.0,3.0,3.0,3.0,-0.7997,0.0059,0.0236,0.5999,0.12,0.19,0.0,0.02,-0.02,-0.23,3.0,3.0,3.0,3.0
360693.0,-0.6918,0.0285,0.0191,0.7212,-0.12,0.06,0.06,-0.07,-0.1,-0.06,3.0,3.0,3.0,3.0,-0.6505,0.0235,-0.0001,-0.0001,0.06,-0.06,-0.06,-0.02,0.0,-0.06,3.0,3.0,3.0,3.0,-0.0136,-0.0001,-0.0001,-0.0001,0.06,0.12,0.06,0.02,0.01,-0.12,3.0,3.0,3.0,3.0,-0.672,0.0104,-0.0001,-0.0001,-0.12,0.0,0.0,-0.09,-0.04,-0.01,3.0,3.0,3.0,3.0,-0.7997,0.0059,0.0236,0.5999,0.06,0.0,-0.06,0.02,-0.01,-0.23,3.0,3.0,3.0,3.0
360743.0,-0.692,0.0285,0.0191,0.7211,-0.06,0.0,0.0,-0.06,-0.09,-0.06,3.0,3.0,3.0,3.0,-0.6505,0.0235,-0.0001,-0.0001,-0.06,-0.19,0.12,-0.04,0.0,-0.06,3.0,3.0,3.0,3.0,-0.0136,-0.0001,-0.0001,-0.0001,-0.06,0.0,-0.06,0.02,0.02,-0.01,3.0,3.0,3.0,3.0,-0.6721,0.0104,-0.0001,-0.0001,-0.06,0.12,0.0,-0.09,-0.06,-0.02,3.0,3.0,3.0,3.0,-0.7997,0.0059,0.0236,0.5999,0.06,0.12,0.06,0.01,-0.02,-0.22,3.0,3.0,3.0,3.0
360794.0,-0.692,0.0285,0.0191,0.7211,0.0,-0.06,0.0,-0.07,-0.08,-0.08,3.0,3.0,3.0,3.0,-0.6505,0.0235,-0.0001,-0.0001,0.0,0.12,0.06,-0.03,0.0,-0.07,3.0,3.0,3.0,3.0,-0.0136,-0.0001,-0.0001,-0.0001,0.12,0.12,0.0,0.03,0.02,-0.01,3.0,3.0,3.0,3.0,-0.6721,0.0104,-0.0001,-0.0001,0.12,-0.06,-0.06,-0.08,-0.04,-0.01,3.0,3.0,3.0,3.0,-0.7997,0.0059,0.0236,0.5999,0.0,-0.06,0.06,0.02,-0.01,-0.24,3.0,3.0,3.0,3.0
360844.0,-0.6921,0.0285,0.0191,0.721,-0.06,0.0,0.0,-0.08,-0.07,-0.07,3.0,3.0,3.0,3.0,-0.6505,0.0235,-0.0001,-0.0001,0.06,-0.06,-0.06,-0.02,0.02,-0.09,3.0,3.0,3.0,3.0,-0.0136,-0.0001,-0.0001,-0.0001,-0.06,-0.12,-0.06,0.03,0.03,-0.01,3.0,3.0,3.0,3.0,-0.6721,0.0104,-0.0001,-0.0001,-0.06,-0.06,0.06,-0.1,-0.05,-0.02,3.0,3.0,3.0,3.0,-0.7997,0.0059,0.0236,0.5999,0.06,0.25,-0.06,0.01,-0.02,-0.23,3.0,3.0,3.0,3.0
360894.0,-0.6922,0.0285,0.0191,0.7209,0.19,0.0,-0.06,-0.07,-0.09,-0.09,3.0,3.0,3.0,3.0,-0.6505,0.0235,-0.0001,-0.0001,0.12,-0.06,-0.06,-0.01,0.01,-0.03,3.0,3.0,3.0,3.0,-0.0136,-0.0001,-0.0001,-0.0001,0.06,-0.06,-0.06,0.02,0.02,-0.01,3.0,3.0,3.0,3.0,-0.0152,-0.0001,-0.0001,-0.0001,-0.06,0.12,-0.06,-0.09,-0.04,-0.04,3.0,3.0,3.0,3.0,-0.7997,0.0059,0.0236,0.5999,0.12,0.0,-0.06,0.01,-0.03,-0.22,3.0,3.0,3.0,3.0
360944.0,-0.6922,0.0285,0.0191,0.7209,0.0,0.0,0.0,-0.08,-0.07,-0.06,3.0,3.0,3.0,3.0,-0.6505,0.0235,-0.0001,-0.0001,0.06,-0.06,-0.06,-0.02,0.0,-0.09,3.0,3.0,3.0,3.0,-0.0131,-0.0001,-0.0001,-0.0001,-0.06,0.0,0.06,0.02,0.02,-0.01,3.0,3.0,3.0,3.0,-0.0142,-0.0001,-0.0001,-0.0001,0.0,-0.06,-0.06,-0.11,-0.05,-0.04,3.0,3.0,3.0,3.0,-0.7997,0.0059,0.0236,0.5999,-0.06,-0.12,-0.12,0.02,-0.02,-0.23,3.0,3.0,3.0,3.0
360994.0,-0.6922,0.0285,0.0191,0.7209,0.06,0.06,-0.06,-0.08,-0.09,-0.05,3.0,3.0,3.0,3.0,-0.6505,0.0235,-0.0001,-0.0001,0.06,-0.06,-0.06,-0.02,0.01,-0.04,3.0,3.0,3.0,3.0,-0.0132,-0.0001,-0.0001,-0.0001,-0.06,-0.06,-0.12,0.04,0.01,-0.01,3.0,3.0,3.0,3.0,-0.0138,-0.0001,-0.0001,-0.0001,0.0,-0.06,-0.06,-0.08,-0.04,-0.03,3.0,3.0,3.0,3.0,-0.7997,0.0059,0.0236,0.5999,-0.06,0.0,0.06,0.04,-0.03,-0.23,3.0,3.0,3.0,3.0
361044.0,-0.6921,0.0285,0.0191,0.7209,0.0,0.12,0.0,-0.07,-0.06,-0.06,3.0,3.0,3.0,3.0,-0.6505,0.0235,-0.0001,-0.0001,-0.06,0.06,0.0,-0.03,0.0,-0.05,3.0,3.0,3.0,3.0,-0.0134,-0.0001,-0.0001,-0.0001,-0.12,-0.06,0.06,0.01,0.01,-0.01,3.0,3.0,3.0,3.0,-0.0138,-0.0001,-0.0001,-0.0001,0.06,-0.06,-0.06,-0.07,-0.03,-0.02,3.0,3.0,3.0,3.0,-0.7997,0.0059,0.0236,0.5999,0.0,-0.12,0.06,0.02,-0.02,-0.2,3.0,3.0,3.0,3.0
361095.0,-0.6921,0.0285,0.0191,0.7209,0.0,0.06,0.0,-0.07,-0.06,-0.08,3.0,3.0,3.0,3.0,-0.6505,0.0235,-0.0001,-0.0001,0.0,-0.06,-0.06,-0.03,0.0,-0.05,3.0,3.0,3.0,3.0,-0.0134,-0.0001,-0.0001,-0.0001,0.06,0.25,0.12,0.02,0.01,-0.01,3.0,3.0,3.0,3.0,-0.0139,-0.0001,-0.0001,-0.0001,-0.06,0.0,0.0,-0.09,-0.05,-0.01,3.0,3.0,3.0,3.0,-0.7997,0.0059,0.0236,0.5999,0.06,0.0,0.12,0.02,-0.01,-0.24,3.0,3.0,3.0,3.0
361145.0,-0.6915,0.0285,0.0191,0.7216,0.0,0.0,0.0,-0.07,-0.12,-0.09,3.0,3.0,3.0,3.0,-0.6505,0.0235,-0.0001,-0.0001,-0.06,-0.06,0.0,-0.02,0.0,-0.05,3.0,3.0,3.0,3.0,-0.0134,-0.0001,-0.0001,-0.0001,0.06,0.12,0.12,0.03,0.04,-0.01,3.0,3.0,3.0,3.0,-0.014,-0.0001,-0.0001,-0.0001,-0.19,0.06,-0.06,-0.1,-0.06,-0.03,3.0,3.0,3.0,3.0,-0.7997,0.0059,0.0236,0.5999,0.0,-0.25,0.0,0.03,-0.02,-0.21,3.0,3.0,3.0,3.0
361195.0,-0.6915,0.0285,0.0191,0.7216,0.0,-0.06,-0.06,-0.06,-0.07,-0.05,3.0,3.0,3.0,3.0,-0.6505,0.0235,-0.0001,-0.0001,-0.06,0.0,0.06,-0.01,0.01,-0.06,3.0,3.0,3.0,3.0,-0.0134,-0.0001,-0.0001,-0.0001,0.0,0.06,0.0,0.02,0.03,-0.12,3.0,3.0,3.0,3.0,-0.014,-0.0001,-0.0001,-0.0001,0.0,0.06,-0.06,-0.07,-0.05,-0.03,3.0,3.0,3.0,3.0,-0.7997,0.0059,0.0236,0.5999,-0.06,0.0,-0.06,0.02,-0.02,-0.22,3.0,3.0,3.0,3.0
361245.0,-0.6925,0.0285,0.0191,0.7206,-0.06,-0.06,-0.06,-0.06,-0.09,-0.06,3.0,3.0,3.0,3.0,-0.6505,0.0235,-0.0001,-0.0001,-0.06,0.25,-0.06,-0.02,0.0,-0.06,3.0,3.0,3.0,3.0,-0.0134,-0.0001,-0.0001,-0.0001,-0.12,0.0,0.0,0.03,0.04,-0.01,3.0,3.0,3.0,3.0,-0.0135,-0.0001,-0.0001,-0.0001,0.0,0.12,0.0,-0.08,-0.04,-0.01,3.0,3.0,3.0,3.0,-0.7997,0.0059,0.0236,0.5999,0.06,0.25,0.0,0.02,-0.02,-0.23,3.0,3.0,3.0,3.0
361295.0,-0.6925,0.0285,0.0191,0.7206,0.0,0.06,-0.06,-0.07,-0.1,-0.07,3.0,3.0,3.0,3.0,-0.6505,0.0235,-0.0001,-0.0001,-0.06,0.12,-0.06,-0.02,0.0,-0.04,3.0,3.0,3.0,3.0,-0.0134,-0.0001,-0.0001,-0.0001,-0.06,0.19,0.0,0.02,0.02,-0.01,3.0,3.0,3.0,3.0,-0.0127,-0.0001,-0.0001,-0.0001,-0.06,0.12,0.06,-0.1,-0.05,-0.02,3.0,3.0,3.0,3.0,-0.7997,0.0059,0.0236,0.5999,0.12,0.0,-0.06,0.02,-0.01,-0.22,3.0,3.0,3.0,3.0
361346.0,-0.6924,0.0285,0.0191,0.7208,0.06,-0.06,0.0,-0.07,-0.07,-0.06,3.0,3.0,3.0,3.0,-0.6505,0.0235,-0.0001,-0.0001,-0.06,0.12,0.0,-0.01,0.0,-0.05,3.0,3.0,3.0,3.0,-0.0134,-0.0001,-0.0001,-0.0001,-0.19,0.06,-0.06,0.02,0.03,-0.01,3.0,3.0,3.0,3.0,-0.0127,-0.0001,-0.0001,-0.0001,0.0,-0.06,-0.06,-0.08,-0.05,0.0,3.0,3.0,3.0,3.0,-0.7997,0.0059,0.0236,0.5999,-0.06,-0.06,0.06,0.01,-0.02,-0.21,3.0,3.0,3.0,3.0
361396.0,-0.6924,0.0285,0.0191,0.7206,0.0,0.06,0.0,-0.06,-0.09,-0.07,3.0,3.0,3.0,3.0,-0.6505,0.0235,-0.0001,-0.0001,-0.06,0.06,-0.06,-0.03,-0.01,-0.05,3.0,3.0,3.0,3.0,-0.0134,-0.0001,-0.0001,-0.0001,-0.12,-0.12,0.0,0.01,0.03,-0.01,3.0,3.0,3.0,3.0,-0.0127,-0.0001,-0.0001,-0.0001,-0.19,0.19,0.0,-0.09,-0.05,-0.04,3.0,3.0,3.0,3.0,-0.7997,0.0059,0.0236,0.5999,0.0,0.06,0.0,0.02,-0.01,-0.23,3.0,3.0,3.0,3.0
361446.0,-0.6926,0.0285,0.0191,0.7205,0.12,0.0,-0.06,-0.07,-0.07,-0.04,3.0,3.0,3.0,3.0,-0.6505,0.0235,-0.0001,-0.0001,-0.06,0.12,-0.06,-0.01,0.0,-0.01,3.0,3.0,3.0,3.0,-0.0134,-0.0001,-0.0001,-0.0001,0.06,0.12,-0.06,0.01,0.03,-0.01,3.0,3.0,3.0,3.0,-0.0127,-0.0001,-0.0001,-0.0001,0.06,0.06,0.0,-0.1,-0.05,-0.01,3.0,3.0,3.0,3.0,-0.7997,0.0059,0.0236,0.5999,0.06,0.06,0.0,0.02,-0.01,-0.23,3.0,3.0,3.0,3.0
361496.0,-0.6926,0.0285,0.0191,0.7206,-0.06,-0.06,0.06,-0.06,-0.08,-0.05,3.0,3.0,3.0,3.0,-0.6505,0.0235,-0.0001,-0.0001,0.0,-0.06,-0.06,-0.01,0.0,-0.01,3.0,3.0,3.0,3.0,-0.0134,-0.0001,-0.0001,-0.0001,-0.06,-0.06,0.06,0.04,0.03,-0.01,3.0,3.0,3.0,3.0,-0.0125,-0.0001,-0.0001,-0.0001,0.0,-0.06,-0.06,-0.08,-0.07,-0.03,3.0,3.0,3.0,3.0,-0.7997,0.0059,0.0236,0.5999,-0.06,0.06,-0.06,0.01,-0.02,-0.23,3.0,3.0,3.0,3.0
361546.0,-0.6924,0.0285,0.0191,0.7207,0.0,-0.06,0.06,-0.09,-0.07,-0.07,3.0,3.0,3.0,3.0,-0.6505,0.0235,-0.0001,-0.0001,-0.06,-0.12,0.0,-0.01,-0.01,-0.05,3.0,3.0,3.0,3.0,-0.0134,-0.0001,-0.0001,-0.0001,0.06,0.12,0.0,0.02,0.01,-0.11,3.0,3.0,3.0,3.0,-0.0126,-0.0001,-0.0001,-0.0001,-0.12,0.19,0.06,-0.09,-0.08,0.01,3.0,3.0,3.0,3.0,-0.7997,0.0059,0.0236,0.5999,0.0,0.06,0.0,0.02,-0.02,-0.22,3.0,3.0,3.0,3.0
361596.0,-0.6935,0.0284,0.0192,0.7197,-0.06,-0.06,-0.06,-0.07,-0.08,-0.05,3.0,3.0,3.0,3.0,-0.6505,0.0235,-0.0001,-0.0001,-0.06,0.06,0.0,-0.03,-0.01,-0.05,3.0,3.0,3.0,3.0,-0.0134,-0.0001,-0.0001,-0.0001,0.06,-0.06,-0.06,0.03,0.03,-0.01,3.0,3.0,3.0,3.0,-0.0124,-0.0001,-0.0001,-0.0001,-0.06,-0.06,-0.06,-0.08,-0.04,-0.01,3.0,3.0,3.0,3.0,-0.7997,0.0059,0.0236,0.5999,-0.19,0.0,0.0,0.01,-0.02,-0.2,3.0,3.0,3.0,3.0
361647.0,-0.6935,0.0284,0.0192,0.7197,-0.06,-0.25,-0.06,-0.07,-0.09,-0.06,3.0,3.0,3.0,3.0,-0.6505,0.0235,-0.0001,-0.0001,-0.12,-0.06,-0.06,-0.01,0.0,-0.05,3.0,3.0,3.0,3.0,-0.0134,-0.0001,-0.0001,-0.0001,-0.12,0.0,0.0,0.02,0.03,-0.12,3.0,3.0,3.0,3.0,-0.0121,-0.0001,-0.0001,-0.0001,0.06,-0.06,-0.06,-0.1,-0.05,-0.01,3.0,3.0,3.0,3.0,-0.7997,0.0059,0.0236,0.5999,-0.06,0.0,0.0,-0.01,-0.02,-0.23,3.0,3.0,3.0,3.0
361697.0,-0.6935,0.0284,0.0192,0.7196,0.06,-0.06,0.0,-0.08,-0.09,-0.09,3.0,3.0,3.0,3.0,-0.6505,0.0235,-0.0001,-0.0001,0.0,0.06,0.0,0.0,0.0,-0.06,3.0,3.0,3.0,3.0,-0.0134,-0.0001,-0.0001,-0.0001,0.0,-0.06,-0.06,0.02,0.03,-0.12,3.0,3.0,3.0,3.0,-0.0119,-0.0001,-0.0001,-0.0001,0.19,-0.06,-0.06,-0.1,-0.05,-0.01,3.0,3.0,3.0,3.0,-0.7997,0.0059,0.0236,0.5999,0.12,0.12,-0.06,0.02,0.0,-0.01,3.0,3.0,3.0,3.0
361747.0,-0.6937,0.0284,0.0192,0.7195,0.12,0.06,-0.06,-0.07,-0.07,-0.06,3.0,3.0,3.0,3.0,-0.6505,0.0235,-0.0001,-0.0001,0.12,0.0,0.12,-0.03,-0.01,-0.06,3.0,3.0,3.0,3.0,-0.0134,-0.0001,-0.0001,-0.0001,-0.06,0.0,0.06,0.03,0.01,-0.09,3.0,3.0,3.0,3.0,-0.0119,-0.0001,-0.0001,-0.0001,0.0,-0.06,-0.06,-0.1,-0.06,0.0,3.0,3.0,3.0,3.0,-0.7997,0.0059,0.0236,0.5999,0.0,-0.19,0.06,0.01,-0.01,-0.01,3.0,3.0,3.0,3.0
361797.0,-0.6936,0.0284,0.0192,0.7195,0.0,-0.06,-0.12,-0.06,-0.09,-0.07,3.0,3.0,3.0,3.0,-0.6505,0.0235,-0.0001,-0.0001,0.0,0.06,0.0,-0.01,-0.02,-0.06,3.0,3.0,3.0,3.0,-0.0134,-0.0001,-0.0001,-0.0001,-0.12,0.0,-0.06,0.01,0.01,-0.01,3.0,3.0,3.0,3.0,-0.6678,0.0105,-0.0001,-0.0001,-0.12,0.12,0.06,-0.09,-0.05,-0.01,3.0,3.0,3.0,3.0,-0.7997,0.0059,0.0236,0.5999,0.06,0.0,-0.06,0.03,-0.01,-0.01,3.0,3.0,3.0,3.0
361847.0,-0.6936,0.0284,0.0192,0.7195,-0.06,0.12,-0.19,-0.06,-0.07,-0.06,3.0,3.0,3.0,3.0,-0.6505,0.0235,-0.0001,-0.0001,-0.06,0.06,0.0,-0.03,0.0,-0.04,3.0,3.0,3.0,3.0,-0.0134,-0.0001,-0.0001,-0.0001,0.06,-0.06,-0.06,0.02,0.03,-0.11,3.0,3.0,3.0,3.0,-0.6678,0.0105,-0.0001,-0.0001,0.06,-0.06,-0.06,-0.1,-0.05,0.0,3.0,3.0,3.0,3.0,-0.7997,0.0059,0.0236,0.5999,0.06,-0.12,0.0,0.01,-0.01,-0.01,3.0,3.0,3.0,3.0
361899.0,-0.6936,0.0284,0.0192,0.7195,0.06,-0.06,0.0,-0.08,-0.11,-0.05,3.0,3.0,3.0,3.0,-0.6505,0.0235,-0.0001,-0.0001,0.0,0.12,-0.06,-0.03,0.0,-0.06,3.0,3.0,3.0,3.0,-0.0134,-0.0001,-0.0001,-0.0001,-0.06,-0.06,-0.06,0.02,0.04,-0.14,3.0,3.0,3.0,3.0,-0.6678,0.0105,-0.0001,-0.0001,-0.06,0.06,0.0,-0.08,-0.05,-0.01,3.0,3.0,3.0,3.0,-0.7997,0.0059,0.0236,0.5999,0.06,-0.06,-0.06,0.01,-0.01,-0.01,3.0,3.0,3.0,3.0
361949.0,-0.6935,0.0284,0.0192,0.7196,-0.06,0.0,0.0,-0.08,-0.1,-0.06,3.0,3.0,3.0,3.0,-0.6505,0.0235,-0.0001,-0.0001,-0.12,0.12,0.0,-0.02,0.0,-0.04,3.0,3.0,3.0,3.0,-0.0134,-0.0001,-0.0001,-0.0001,-0.12,0.0,0.0,0.02,0.02,-0.12,3.0,3.0,3.0,3.0,-0.6677,0.0105,-0.0001,-0.0001,-0.12,0.0,0.0,-0.1,-0.06,-0.01,3.0,3.0,3.0,3.0,-0.7997,0.0059,0.0236,0.5999,0.0,0.0,0.0,0.02,-0.01,-0.01,3.0,3.0,3.0,3.0
362000.0,-0.6937,0.0284,0.0192,0.7195,0.0,0.0,0.06,-0.07,-0.08,-0.08,3.0,3.0,3.0,3.0,-0.6505,0.0235,0.0107,0.7592,-0.12,-0.06,0.06,-0.02,0.01,-0.03,3.0,3.0,3.0,3.0,-0.0134,-0.0001,-0.0001,-0.0001,-0.12,0.0,0.19,0.02,0.03,-0.11,3.0,3.0,3.0,3.0,-0.6668,0.0105,-0.0001,-0.0001,0.06,0.06,-0.12,-0.09,-0.05,0.0,3.0,3.0,3.0,3.0,-0.7997,0.0059,-0.0001,-0.0001,-0.12,0.0,0.0,0.0,-0.01,-0.01,3.0,3.0,3.0,3.0
